id;url;PCO;AAE;corrupt from;noisy;offset;non-english;vocalizations;repeated words/lines;multiple singers;split words;missing words
8e63d5492ea94b40a50b0033a74ee3d8;Qci5ka9r54A;0.0000;54.8820;75.63;False;0;False;False;False;False;False;False
7b61fa464da54a48bc956a533ba94613;J3UjJ4wKLkg;0.0223;0.5857;-1;False;-0.6;False;False;False;False;False;False
50008b177f3c4c788a2a0d49d54f97ca;zPonioDYnoY;0.0000;25.5281;0;False;0;False;False;False;False;False;False
55c1801b6330461db26465dafd538bf7;2RoVwtqRcMM;0.0000;6.9825;-1;False;-3.7;False;False;False;False;False;False
b897dd4ce2154da3a128a60460d34ef9;YLHpvjrFpe0;0.0000;1.2185;-1;False;0.6, 0.5;False;False;False;False;False;False
98d2ea179ab348b790363a1e21a0cfee;5vmZtT713Oo;0.2812;1.1250;0;False;0;False;False;False;False;False;False
ce3558f4e01b4391ae106887962589d3;WGt-8adyabk;0.0681;7.7865;0;False;0;False;False;False;False;False;False
5eea90c128a34914911e94e616b8913f;AhcttcXcRYY;0.0000;0.7154;-1;False;0.66;False;False;False;False;False;False
aa6dc65f06de453081c89dc85588c178;AAZQaYKZMTI;0.0366;1.1082;0;False;0;False;False;False;False;False;False
f3a0b83fcc7b4ea3bb55b1edbf5a189f;41P8UxneDJE;0.1000;0.4295;-1;False;-0.4;False;False;False;False;False;False
10f18aeb828d4a0ab4592abdc45f539b;rp4UwPZfRis;0.0196;0.5126;-1;False;0.5;False;False;False;False;False;False
a851c0b72cbf427f87edfcd53524d1b8;IlV7RhT6zHs;0.2946;0.4428;-1;False;0.38;False;False;False;False;False;False
99456b487b11410f8228fb42d63af21b;5AhU12zC8fc;0.0132;0.8274;-1;False;0.66, 0.85;False;False;False;False;False;False
f8e138f65797453a9a6edd754c59ac65;6VZhSkREYBc;0.0522;4.4064;-1;False;0.4, 8;False;True;False;False;False;False
98ebf10ca57041a8871368ec6f98bf00;4vvBAONkYwI;0.0175;1.6318;-1;False;0.4;False;False;False;False;False;False
cc226a4299d74339a6fca1ec6a329303;Lecf_TE4uOM;0.0000;14.5835;0;False;0;False;False;False;False;False;False
5ca035dbd3c24573832eab4ba8ec6e39;bz6IdhgqPgE;0.0000;52.9926;0;False;0;False;False;False;False;False;False
843573b8c5d24e229cff82d7b38dd1bc;DeaAQPIHotQ;0.0000;31.2214;0;False;0;False;False;False;False;False;False
24bfcfc2287741e28bbecf498e01542f;RvuVFHTvdaY;0.0680;0.6413;-1;False;-0.57;False;False;False;False;False;False
bddb1d0dfc644be9b8a3c47174e189b3;GFB4rsAyUb4;0.0000;57.9171;0;False;0;False;False;False;False;False;False
0d0c3aa76809409e9afdbba8840c0974;R-R_u57gEUk;0.0191;10.1112;0;False;0;False;False;False;False;False;False
3eea0a8a992149c3947f0cdbd18d24fa;zDKO6XYXioc;0.0077;0.7325;-1;False;0.5, 0.9;False;False;False;False;False;False
bf4322856a3f4ce9b4721db5c5ce37fe;YxFerWkYYqY;0.0000;56.7733;0;False;0;False;False;False;False;False;False
aeaf841fceb84c5cade8147d37e6d808;_4VoZ6afztc;0.1313;0.6265;-1;False;-0.4;False;False;False;False;False;False
4058aa5a512d42cb931e37b87120dae5;eM213aMKTHg;0.0000;0.7453;-1;False;0.7;False;False;False;False;False;False
d566e0f3de3a4449ac95bed00d13c6c0;wD6Pq0bSMPo;0.0000;2.5673;-1;False;2.56;False;False;False;False;False;False
dad3dd9d0da1451b9dabe1e8fa31fadc;KfKIq1Pmc8Q;0.0000;64.3313;0;False;0;False;False;False;False;False;False
078126680b814bd88bcbe9855a63c5ed;eVTXPUF4Oz4;0.0000;0.6404;-1;False;0.64;False;False;False;False;False;False
7861bbf7b11645a2b1d4dda4c634cbac;3T2VizbQAwY;0.2169;0.6880;-1;False;0.4, 1;False;False;False;False;False;False
23c124a6dcad4f1bbf28f032e0055747;G2zxzaWgVRA;0.1847;2.3712;0;False;0;False;False;False;False;False;False
899ed10c5e1949139021dfa0848cc665;_NkRNg0TZOw;0.0989;1.9198;-1;False;-3.3, 4.1;False;False;False;False;False;False
43484ea2fb214c62906ea1ee4f98b77f;uIbXvaE39wM;0.1175;0.3895;-1;False;-0.35;False;False;False;False;False;False
c1590a8c7c8343a9a08abaccc6f1cd8e;NRtvqT_wMeY;0.0352;0.5010;-1;False;0.4;False;False;False;False;False;False
16bd3bddd8d74819938853251a43396e;VcjzHMhBtf0;0.0000;3.7276;-1;False;-3.6;False;False;False;False;False;False
82a1167f3ee94faab28bb5f28c377457;1UUYjd2rjsE;0.0138;0.5793;-1;False;-0.56;False;False;False;False;False;False
1d9c9db93db742da8880132615e87037;4zKvXIbzSrw;0.2757;36.0315;70.76;False;0;False;False;False;False;False;False
3619a2e501594acea422c14a4b522f15;w6Q3mHyzn78;0.1563;0.5533;-1;False;-0.45;False;False;False;False;False;False
82485faae5a54cc58d0ba484d1b46374;f58HKOgGsHo;0.2775;0.4852;-1;False;0.7, -0.8;False;False;False;False;False;False
5ac883dc659045c78fbef3b1fd789643;VKYY8DxVZHE;0.0435;0.8431;-1;False;-0.5;False;False;False;False;False;False
085ee99e025d40659201adb53e076481;cLVxvQ3a2n8;0.0047;7.1902;0;False;0;False;False;False;False;False;False
df7b04250c24415bb49d74c47544a45e;7WFpwdblDlw;0.0000;13.7937;0;False;0;False;False;False;False;False;False
d9b4bed2740c4d629d5ed337d36c9896;dkQ0OJ5Byls;0.0071;0.8575;-1;False;0.6;False;False;False;False;False;False
f5aefa0e4d4b48a7bad8e3f36403bdbd;AJWtLf4-WWs;0.0093;0.5676;-1;False;0.4;False;False;False;False;False;False
bac3800744fd47e9bbdc4c3e252d34b2;crjGHQL23nM;0.0216;12.0205;-1;False;0;True;False;False;False;False;False
cbefaea9fd1a48b9bbcb18f706184b88;a70yJwgQtzo;0.0000;0.6058;-1;False;-0.57;False;False;False;False;False;False
7c374001fac847a582c88f486a0bc1cd;hTWKbfoikeg;0.0870;0.9213;-1;False;0.5;False;False;False;False;False;False
3e4a4b15d7d648e1a9fa74b6a13f1d56;HTzGMEfbnAw;0.1972;0.4109;-1;False;-0.4;False;False;False;False;False;False
24bb5550a6c045dcacee81d67f6b73b0;8N2k-gv6xNE;0.0318;0.6956;-1;False;-0.4;False;False;False;False;False;False
e318fa04acf94ae2a1985b766bd67641;vD-YPGTwnJI;0.2951;0.6799;-1;False;-1.1, ?;False;False;False;False;False;False
d4294fe9b2314106a62a2a3635efbe45;gpyRI1j9t6c;0.0952;0.5769;-1;False;0.47;False;False;False;False;False;False
418466c83b25444ca7715734a45939cd;8q2WS6ahCnY;0.0576;0.4825;-1;False;-0.45;False;False;False;False;False;False
9ab28ef82e8b4874b432e545f9e64b2c;TGwZ7MNtBFU;0.0050;1.0715;-1;False;1;False;False;False;False;False;False
2e9ce195467e4041b9bb19aa37e9b79a;CvBfHwUxHIk;0.0217;0.6455;-1;False;0.58;False;False;False;False;False;False
6571ec1caffa49f1b7046e8a637563df;zkGfPrst29Y;0.0650;0.9217;-1;False;-0.5;False;False;False;False;False;False
6f0c29c6e4944d2e93044ad1e835c8a8;P25hBk8LmUM;0.2772;1.0900;-1;False;-0.6, 2.3;False;False;False;False;False;False
f342990d4cfe4bbfb52eccfc5e91d8d3;8WEtxJ4-sh4;0.1182;0.5177;-1;False;0.38;False;False;False;False;False;False
ffef85420e914f96bad1420f75a9b105;DcHKOC64KnE;0.0375;0.8097;-1;False;0.7;False;False;False;False;False;False
20f4825270af4891962a0cd175f32327;LrjHz5hrupA;0.0000;4.5754;-1;False;1.3, 7.4;False;False;False;False;False;False
3378d2783f464fa49e5aca2b34f6f789;NHozn0YXAeE;0.0565;0.5772;-1;False;-0.5;False;False;False;False;False;False
080d7db5c3e84227bafc1773f545e18b;l6-JST83NM4;0.0093;29.9488;0;False;0;False;False;False;False;False;False
18c6f86a3ee94d25a5bd375681083878;AM_3uOU-prs;0.0182;9.3358;0;False;0;False;False;False;False;False;False
0739ac95db2a4ea38e59825f03d3df7f;1vrEljMfXYo;0.0578;0.5067;-1;False;0.65, 0.4;False;False;False;False;False;False
c4d8ef08aa9d465e99ebe72b176ddad5;0mQJTMKOgKc;0.1478;1.3823;-1;False;-2.6, 1.6;False;False;False;False;False;False
8e4e6469c1bc43a88b5e546cafc18dbd;PXatLOWjr-k;0.0000;8.4513;-1;False;-8.48;False;False;False;False;False;False
8b8cf4e6daad47099e96e9e73075bc73;1uYWYWPc9HU;0.0000;1.6144;-1;False;1.07;False;False;False;False;False;False
b0f0b802bc3e482fbbfa35b388f2ad1b;l-EdCNjumvI;0.0311;1.6191;-1;False;-0.8;False;False;False;False;False;False
267de365cc3a4fd9ab69794dd1451bee;ZQ2nCGawrSY;0.0041;0.5823;-1;False;0.56;False;False;False;False;False;False
60851537ac6b4815873d09194e4aaac0;teoGKjmIKnQ;0.1429;16.4267;0;False;0;False;False;False;False;False;False
058d1893d89b4d9cb866946a05ca4d2b;FypNu5UEWVA;0.0000;9.6585;0;False;0;False;False;False;False;False;False
cbd84bc03c28484abca09bcd48868b03;oIFLtNYI3Ls;0.0110;2.8587;-1;False;0.85;False;False;False;False;False;False
16ae41adfb1e42edbae9c2b769efcedf;8BImIx2-Gvo;0.0329;8.6414;0;False;0;False;False;False;False;False;False
24f2ecc715ee43878df329184190ba3b;IpT-FW_G8-A;0.0247;0.6217;-1;False;-0.6;False;False;False;False;False;False
990ef9c076b14f74a63ef4912d65d008;6AvUgu4MhrY;0.0000;27.3941;0;False;0;False;False;False;False;False;False
8d01530a7c334e6dbbb708317e696f9c;XMaw837aBTA;0.0032;71.7825;0;False;0;False;False;False;False;False;False
c1ac350e2fcf4ae0ba0b4cbae9905e2c;SeEq2tlD6WY;0.1063;0.4978;-1;False;-0.4;False;False;False;False;False;False
777f663b3ef649e3bf7925935f08b77c;6EEW-9NDM5k;0.0510;0.5247;-1;False;-0.5 (chorus 0,7);False;False;False;False;False;False
aa68bd15ffff43ea9b81d9423ffd3066;0C3zgYW_FAM;0.0163;0.4926;-1;False;0.48;False;False;False;False;False;False
27a91cf475ac47a5abd6c296e07b9ace;37zAeB_x2EM;0.0034;0.9255;-1;False;0.78;False;False;False;False;False;False
e6c5d4fbde914d6a97b81dcde2ce5b92;76ley2v2s9w;0.0000;10.9816;0;False;0;False;False;False;False;False;False
892876b7ef924a9baac482caa00c674e;SaeLKhRnkhQ;0.1436;0.4209;-1;False;-0.4;False;False;False;False;False;False
badd3bfdf44945d8bce55943769042ea;3_0y3V6SFz4;0.2401;1.7021;210;False;-1.2, 1.8;False;False;False;False;False;False
361a62af55104e368d364fa090d86a13;VkCg-3nxT8E;0.0076;0.5636;-1;False;-0.59;False;False;False;False;False;False
fff64f1669c34253928802a9ed246d2f;Q4SLCG6smiM;0.0029;14.2596;179;False;14.3, 16;False;False;False;False;False;False
7478e71ea20e41c79dca63a2042362f5;76ley2v2s9w;0.0000;10.9816;0;False;0;False;False;False;False;False;False
eccf6ed3637e4b9ab451275a7af10928;B1zCN0YhW1s;0.0000;0.9488;-1;False;0.9;False;False;False;False;False;False
9d8781497eb9488a8eb9936cf1bc7f7d;H-ru2glqXAg;0.0189;0.7121;-1;False;-0.7;False;False;False;False;False;False
76b3189ad2364279928176992c1702db;kZZmhbZJwng;0.1410;5.7338;0;False;0;False;False;False;False;False;False
24ac72b695b1454bb0412157132fb1ba;X2LTL8KgKv8;0.1132;0.4778;-1;False;-0.4;False;False;False;False;False;False
b921ccaf04014e388ce64e8145e069c9;RNOTF-znQyw;0.0000;0.8703;-1;False;0.7 < 1.1;False;False;False;False;False;False
e3f6ea62412142db88501f06d5d22bfa;7p5PK3dmVQE;0.0000;0.7279;-1;False;0.5, 0.9;False;False;False;False;False;False
018f045bb1784602976a289705832d60;N4FoC-K534o;0.0423;2.9437;0;False;0;False;False;False;False;False;False
599ff88bb3cd492b9490942f486f0147;LOHBDJyV7Oo;0.0541;2.6734;0;False;0;False;False;False;False;False;False
939726a0aa8f4a10ad03c9e12c895b38;zoo9Vu1a9bU;0.0502;1.0752;-1;False;1.38, 0.7;False;True;False;False;False;False
3acfa7a1f0ea48088653a5ade183c6ab;byEGjLU2egA;0.0609;0.5965;-1;False;-0.5;False;False;False;False;False;False
3f2c5ea48ac64724a6d372439b54fd72;ac3HkriqdGQ;0.1160;0.4278;-1;False;-0.45;False;False;False;False;False;False
c368b4dcbad14fc3a6e2519a813f246d;wVyggTKDcOE;0.0000;0.8777;-1;False;-0.85;False;False;False;False;False;False
130ced8af6234fa5bd215de8665722b5;1twGKD-gkZw;0.0000;32.9362;0;False;0;False;False;False;False;False;False
42268b583202471681d7ecc7f72aa89c;WtS7PTKuuZc;0.0104;1.2371;-1;False;0.67;False;False;False;False;False;False
304488f4ccde488c9c454cb10a1a84c5;JIlg0yM0XKg;0.0858;0.5759;-1;False;0.5;False;False;False;False;False;False
e46b776ac93d42a69b210a8a9596ec9d;ymPu2PdLW3I;0.1280;0.7290;-1;False;-0.4;False;False;False;False;False;False
50dff9f9ec1a48a094a6dfcb4ce7ffc1;RUmdWdEgHgk;0.0044;1.3060;-1;False;0.7;False;True;False;False;False;False
6ff7cce17b5543b2b0c7af015ed24108;qJS3xnD7Mus;0.0220;0.6594;-1;False;-0.5;False;False;False;False;False;False
35e6844e42414269b09777b5cc8d8f96;mgaeGW-2z6w;0.0895;0.5211;-1;False;-0.5;False;False;False;False;False;False
6cda64d54c204b73bc571543ccc7a690;SNPb3pt4gnM;0.1882;0.4320;-1;False;0.37;False;False;False;False;False;False
e7056e220ccf49e385f357fcce7dbec4;Azx6F2fYPa0;0.0000;0.7131;-1;False;0.7;False;False;False;False;False;False
2998b41ef5d54f039def0b0b9b910f5c;rB7ONnfIjaI;0.0000;0.8599;-1;False;0.85;False;False;False;False;False;False
a82fe706ea27478d9d572553b7393860;yKNxeF4KMsY;0.0000;1.2272;-1;False;1.2;False;False;False;False;False;False
bce19fb042f140a1af25ba91ddb035b9;H_CCBLt_9rM;0.0513;44.8170;72;False;0;False;False;False;False;False;False
d039c20a8a1146ca813fcf8ea5a09490;rvp7PgWGQzA;0.0766;48.2574;87;False;0;False;False;False;False;False;False
d840c9c32da749d78b52f6f019b44ece;VRU2qs82DAg;0.0045;1.1762;-1;False;0.9;False;False;False;False;False;False
01ca76c8c8444a48ae787402f21ea114;l9ml3nyww80;0.0479;1.3441;-1;False;-1.14;False;False;False;False;False;False
426165e5feea4890bf6c731552468207;dXdUS1ObaCc;0.0291;12.3976;0;False;0;False;False;False;False;False;False
8bbe9c03e3c34b20a276fd7d3bec411e;VlMEGBsw6j8;0.0031;0.8350;-1;False;0.8;False;False;False;False;False;False
e3e6b4b35939469e9a8637c8984b80c1;edHnmuaLLDM;0.0094;21.2667;0;False;0;False;False;False;False;False;False
decf3fc10a7a4697acf4294cc1b25560;GsVcUzP_O_8;0.0000;1.0064;-1;False;-1;False;False;False;False;False;False
905f39ad15a247509d650392739defd8;Ixrje2rXLMA;0.0000;25.4685;0;False;0;False;False;False;False;False;False
b557e857be194388931ec6bd9851cb7f;1V4FLUOlMks;0.0153;7.5797;0;False;0;False;False;False;False;False;False
fcc34b82c7dc41b689c786a6782378b2;0n3cUPTKnl0;0.1441;1.0096;-1;False;0.4;False;False;False;False;False;False
b9a28a6d8cdb433098f5977426e53c3d;0yW7w8F2TVA;0.0115;11.8915;0;False;0;False;False;False;False;False;False
a2e48a84d9b54dca962805cf8aa165a2;PmccuamuSGc;0.0000;89.2209;150.30;False;0;False;False;False;False;False;False
e504cf3696764731808338edd7520131;5d7EbtLb8ok;0.0000;0.7212;-1;False;0.7;False;False;False;False;False;False
2cb872f25df64e72af2f1ac4f0fc1a2c;RNOTF-znQyw;0.0000;0.8703;-1;False;0.7, 1.1;False;False;False;False;False;False
c1fc50c90f514b6aa6ab7cbf57e179b9;v0CYB5V9e64;0.0948;0.4537;-1;False;-0.47;False;False;False;False;False;False
3aa8f2f5c6b047c898a918868665d7a2;GlZxZ2n2zpw;0.1756;0.3835;-1;False;-0.4;False;False;False;False;False;False
bb0a9b0ee78640fd8843d73cb236eb6e;hRpsA-UvJDg;0.0000;173.6915;0;False;0;False;False;False;False;False;False
7b65fd0fc57f44078d08a3790747ebd4;I5c2jBgCWxg;0.0000;23.5245;0;False;0;False;False;False;False;False;False
24200f75586340dc98d333a3e8659644;MbtajuiuLMU;0.0446;0.4467;-1;False;0.46;False;False;False;False;False;False
e021de36f8f74bee8d4a5cb3d835502e;RZZSOJonEMI;0.0141;14.2632;0;False;0;False;False;False;False;False;False
2f44e0b34cb04497b742feac36e2e438;o-0lAhnoDlU;0.0742;0.9474;-1;False;-0.4;False;False;False;False;False;False
e83330176ae047648dae45689bef2de3;DaBWlBknNgs;0.0851;0.6704;-1;False;-0.47;False;False;False;False;False;False
47895f2dad0f4075b79171a014b706b3;e0EaygJdxyc;0.0563;2.8113;0;False;0;False;False;False;False;False;False
826233ce756a49ad802e0ebd11e14634;O1-4u9W-bns;0.0000;1.2354;-1;False;1.25;False;False;False;False;False;False
10fee42189544e8cb7fbebd6eaa27ffc;RgpWp-QKISo;0.0057;11.2103;0;False;0;False;False;False;False;False;False
35a376573fa945f7b8939e240598b171;C-u5WLJ9Yk4;0.0272;0.4843;-1;False;0.47;False;False;False;False;False;False
b50a0c2a571f47c4a58eb9392d67efb3;1HnOFwqpLRQ;0.0086;0.7066;-1;False;0.6;False;False;False;False;False;False
09e084032ab94b5f9bb502aaf30cde09;AB4Kh9VkSb4;0.2115;0.9249;-1;False;-0.37;False;False;False;False;False;False
698e336bb6224870b6c2eff616f7e8c9;wADRRYNHhOA;0.1141;1.6389;-1;False;-0.3, -3.1;False;False;False;False;False;False
ead703f650a045bfa15233c4e9d34b56;ijAYN9zVnwg;0.0047;0.9283;-1;False;-0.8, -1.1;False;False;False;False;False;False
42c625f1ff2945318af82de3bda53fc9;EfK-WX2pa8c;0.0068;1.1350;-1;False;-0.8, -1.5;False;False;False;False;False;False
2b334e10e348400888073833fec23971;7Kxx-s4X3CA;0.1111;14.1086;0;False;0;False;False;False;False;False;False
e316a7f6057b4465ab85731c124fe5eb;0DMrKkGnP6Y;0.0231;25.1623;0;False;0;False;False;False;False;False;False
e228fea597004d308346d903104121bf;1wYNFfgrXTI;0.0027;1.1084;-1;False;0.48;False;False;False;False;False;False
7f26e2cc942147569627847d6c4bf357;a-Lp2uC_1lg;0.1135;0.4778;-1;False;-0.47;False;False;False;False;False;False
7c217e727ae14ae3b25dffc786470fcd;L6-uJLteKek;0.0042;1.2276;-1;False;-1.1;False;False;False;False;False;False
ecc992711d8641e9b20bc7d5b432c427;bQRzrnH6_HY;0.0561;5.0547;0;False;0;False;False;False;False;False;False
98fb42246b19475ba8b4d21c81f65af0;bE3tErR06N4;0.0435;6.3498;223;False;0.4;False;False;False;False;False;False
d7d07317d1a546da8de8eb6a97520240;Lfph3043yZU;0.0106;0.7696;-1;False;-0.75;False;False;False;False;False;False
2c16608fa4034d23af04c0a881d109b7;2opaVONSaHQ;0.1282;6.0407;0;False;0;False;False;False;False;False;False
51fb79b4c68e408c818be0298cf57854;E1i34e0sDt8;0.0159;1.4848;-1;False;-1.4, -1.5;False;False;False;False;False;False
1433c4d6e556458da2938249849c3c12;sdVLfcom5qM;0.0610;5.8341;0;False;0;False;False;False;False;False;False
b4ca87687af245a9a1012b1bc06f943d;Zzyfcys1aLM;0.0030;0.6786;-1;False;-0.8, -0.5;False;False;False;False;False;False
1760d2553acc4a488e3ef241e7290d65;OAfxs0IDeMs;0.1836;0.3933;-1;False;-0.4;False;False;False;False;False;False
6842ffaa54c54d9e98afdab77a2055e9;Co6OHe4KaEc;0.0141;5.9079;0;False;0;False;False;False;False;False;False
7d5d6a35eff049bfa1e158d956b06bfb;2-eclUz-RYI;0.0000;12.0334;0;False;0;False;False;False;False;False;False
bad9c59bca32429ca7c058447042452a;WY_xwK87uO4;0.0047;22.6125;0;False;0;False;False;False;False;False;False
3d860b23bdf44e0e9b8954677fefbdfd;w3Eaw-86tpw;0.2524;0.3576;-1;False;0.37;False;False;False;False;False;False
3c1fac6f2f90429fbde9d084e9e51902;GGHnYD2y-44;0.0488;0.6499;-1;False;0.58;False;False;False;False;False;False
079d2b6002584742947822f02d88782b;BPNmc71b7iE;0.1529;6.0622;-1;False;"0.9, -0.9; 13.8 > 12.7";False;False;False;False;True;False
3b113d03fdbf471b904b83eec921a60c;yG07WSu7Q9w;0.0000;2.4392;-1;False;2.44;False;False;False;False;False;False
851526c884fe45d0af1652e5ae85babb;diYAc7gB-0A;0.0801;0.4914;-1;False;0.4;False;False;False;False;False;False
45baae4cd48c46af9fd8bcc99deaf001;a4FaSx5ZSwE;0.1497;1.0912;-1;False;1.7, -2.5;False;False;False;False;False;False
3d5d3323f5a741eea997481fdf22eb01;mlfWy4bEjgo;0.2815;3.7034;118.5;False;-4.77;False;True;False;False;False;False
4ad0d5887fe242bb800d946f11d8988b;U9jINg6Upkw;0.0094;12.3338;0;False;0;False;False;False;False;False;False
317c6dd57cb446fe9461cd84e1187f12;yxmstD3R-bM;0.2417;1.7652;-1;False;0;True;False;False;False;False;False
78af83cf3f4d4ee1952a1eb961255dee;o67xW7wusq4;0.0466;7.2334;0;False;0;False;False;False;False;False;False
1db0e4e049d543588a176d8ce2750d30;XPpTgCho5ZA;0.0151;0.4633;-1;False;0.4;False;False;False;False;False;False
1667f7619d9d46fd934d3dc09bb08069;HO8J2cz7KHg;0.0000;12.8614;0;False;0;False;False;False;False;False;False
0e20f7ad493e45bf9c98477388413837;PIb6AZdTr-A;0.0227;0.8270;-1;False;0.5;False;False;False;False;False;False
561fa47384ba467f84d6d9bf8af84c50;Oe4Ic7fHWf8;0.0116;0.7092;-1;False;0.67;False;False;False;False;False;False
5f173b85cdb14de0b21b68a5fe7b129b;t5Sd5c4o9UM;0.0024;0.9938;-1;False;-1;False;False;False;False;False;False
4da8e85c245c42d9a3803c1f22e12f26;JRfuAukYTKg;0.0195;10.1353;-1;False;0;True;False;False;False;False;False
2269611d7ea445849d604a7303ebdb08;kZZmhbZJwng;0.1410;5.7338;-1;False;0;True;False;False;False;False;False
ab34e2cfe069444b83b6be02818e6e73;EkHTsc9PU2A;0.0079;0.8716;-1;False;0.78;False;False;False;False;False;False
343cf2e82c934d7093a71c0c1310eced;agrXgrAgQ0U;0.0027;0.6655;-1;False;0.57;False;False;False;False;False;False
5c0a326a0a7940f8b88bb92767ba86cb;ZJL4UGSbeFg;0.1025;0.5828;-1;False;-0.58;False;False;False;False;False;False
55dcff00691042a98c0bb1893231009d;sPYsMM1FvXs;0.0000;1.2490;-1;False;-0.6 > -1.7;False;False;False;False;False;False
3a0af778dd0a47a997779effc6399ea1;QYHxGBH6o4M;0.0038;0.5736;-1;False;0.5;False;False;False;False;False;False
311e535619494803b1a2093b9722d0d1;MSGiM5e-LAw;0.0000;48.6022;0;False;0;False;False;False;False;False;False
95b5f00482534fae834198a21e228d35;WHxF38jvOMQ;0.2691;25.7920;164;False;0.3, 0.5;False;False;False;False;False;False
2c38100be2cb4b5f99a123d622157b4c;pkcJEvMcnEg;0.1582;0.3798;-1;False;-0.4;False;False;False;False;False;False
8d145c17711c4350b463fddb55f509fd;opU1urLhw50;0.1429;0.7368;-1;False;-0.48;False;False;False;False;False;False
6262646565cd4cd5a8698fa2f68cb1da;MeW0Sl0tNS8;0.0000;0.7694;-1;False;0.74;False;False;False;False;False;False
8ada65cb2b1d4a3ab6426822626fd8c3;hSyYps8xJfs;0.0188;12.6349;0;False;0;False;False;False;False;False;False
2b15b78af6ea49428f97371ef760be06;ek2PDE1cAyY;0.0282;0.4466;-1;False;-0.44;False;False;False;False;False;False
e6a7cfeb336b4afc83471eab2caeef2b;ybYgP48X2DY;0.0439;1.0560;-1;False;0.6;False;False;False;False;False;False
10b2677abd6d4e879ac70d0d698d7b54;G9BIX9akkh4;0.0065;6.3667;0;False;0;False;False;False;False;False;False
bb590165c7f547708593566404072b93;Nters8yCsOg;0.0440;0.4086;-1;False;0.4;False;False;False;False;False;False
2626a6da6ab04aec8110a53c1d5f6065;nc0Mv4Iyxvc;0.0382;0.5809;-1;False;-0.56;False;False;False;False;False;False
58ffc82aa952454290eac1be05bd8a5f;CM3jcGsS0Po;0.1294;0.3495;-1;False;-0.36;False;False;False;False;False;False
b30f620655a8411ca6f476f9b45cbcce;G6jyPcaY5To;0.2845;0.5454;-1;False;0.9, -0.7;False;False;False;False;False;False
73acb9b4bbcc4107a1a774890d128275;Gl9ikroWXSs;0.0516;4.0766;0;False;0;False;False;False;False;False;False
f5087b01521b4a64a2253400cfc76af2;bBPtP4t2J1k;0.0331;0.4502;-1;False;-0.45;False;False;False;False;False;False
fb38c36793654dbaa6107b91b7f88e6e;zsCD5XCu6CM;0.0143;0.5627;-1;False;0.6;False;False;False;False;False;False
d9fd184aef554bfa8c4deadb28ad46b9;UrIiLvg58SY;0.0260;70.0583;251;False;-0.57;False;False;False;False;False;False
00f12f0436854abea015463aa25b6df6;3Xh5i2FxAN4;0.0047;6.0266;0;False;0;False;False;False;False;False;False
4c9777bcb0d44caaae43165624fac08a;DXAidGQUuns;0.0000;0.6850;-1;False;-0.66;False;False;False;False;False;False
65706aea19ae4a4e9bbd3707ada8ffc3;cJRP3LRcUFg;0.0000;2.8522;-1;False;-2.75;False;False;False;False;False;False
1d317475b5234d87bf9e8a2816269eb0;BJk6gZuPKRE;0.0096;0.6457;-1;False;0.5;False;False;False;False;False;False
38b9506594a64cab87c786d6f83a4fa3;o2ltvJBy1cw;0.0000;101.6636;0;False;0;False;False;False;False;False;False
7e4b34caf56e4fa8b86a2a52fbb2d1ca;XeWxFDlufNo;0.0212;68.9673;0;False;0;False;False;False;False;False;False
1bd1284e286a426eaa6266b423e093dd;NgbBy9hmZjA;0.0938;4.1797;0;False;0;False;False;False;False;False;False
e3b6e015b78d425a9f7beaff23bcb69f;fHEgzRtKC5o;0.0188;8.6719;0;False;0;False;False;False;False;False;False
34baf0e6190147b8bc27cebc928ae663;KRzMtlZjXpU;0.0164;0.6259;-1;False;0.44;False;False;False;False;False;False
ee862840143f4c11afa8656f83615f88;K1uNjmxJQUo;0.0293;0.5497;-1;False;-0.53;False;False;False;False;False;False
3e9ce1a830a14fb38c73dc35fb079d7b;DL7-CKirWZE;0.0319;0.6240;-1;False;-0.55;False;False;False;False;False;False
22c4a290d25f49acab0e32353e83ab4b;toYfeN0ACDw;0.0000;8.4677;0;False;0;False;False;False;False;False;False
82d588429206407b84147f1a3390de79;EDwb9jOVRtU;0.0316;1.0516;-1;False;0.9;False;False;False;False;False;False
08b2759fdeaf4913bdaab65b1242ed0d;QfcLcDBII78;0.0287;0.6457;-1;False;-0.6;False;False;False;False;False;False
8bca4d54247a467db590f5d59a96cbf8;lru6-J7uQjo;0.0000;14.5596;0;False;0;False;False;False;False;False;False
ca3f457e49d3446f8cd5d20456cfb012;LPn0KFlbqX8;0.0241;0.4244;-1;False;0.4;False;False;False;False;False;False
d0d077b498014bf4a215d2be298f1096;4xoUHC9uRHM;0.0240;0.7581;-1;False;0.74;False;False;False;False;False;False
1164cc93ea68404eaa324f9702902bcd;jGJFINIELik;0.2857;0.6314;-1;False;1.3, -1.2;False;False;False;False;False;False
8f18ac08ab1048b7bb8428f2809996be;Nb5ldEa45nY;0.2500;1.5521;0;False;0;False;False;False;False;False;False
ba21a360b8d74a66ae6e1e71fe850c0c;KxLXWgnU3wc;0.1379;1.9960;0;False;0;False;False;False;False;False;False
56150394d3e64c97ab6834ac1949a616;FXBzp2_Tdts;0.1631;0.9489;0;False;0;False;False;False;False;False;False
57cc4a2106db40a583c3fb985f8d0b2c;g8z-qP34-1Y;0.0127;0.4796;-1;False;-0.47;False;False;False;False;False;False
693a5882b716482e8e7ca9f5c9bdf954;t7v-6rHDuKQ;0.0516;4.8996;0;False;0;False;False;False;False;False;False
1c6c81c072704172ac0ff63a3f504f43;-9P5NnsZgYU;0.1000;78.4293;0;False;0;False;False;False;False;False;False
bf9ae3f4339645c78addefbda5171821;FkLTwX0duY4;0.1000;31.6739;0;False;0;False;False;False;False;False;False
1e68dfeebaca4b0dab963b207733d35b;YU4hhNKsPog;0.0648;1.6948;-1;False;-0.47;False;False;False;False;False;False
1fd88949865b4ea4bb681de02575fd4f;pcHI_lTmog4;0.0058;0.4616;-1;False;0.4;False;False;False;False;False;False
024d7c1ac0104754ab0c7f09716c9fcb;YUXqHbTq1yc;0.0000;23.0767;0;False;0;False;False;False;False;False;False
17db75649e2f49acae3cbc713cc9e020;jWWGESX100s;0.1395;4.4823;0;False;0;False;False;False;False;False;False
c97216d8496845f6a6de8d71bf152cc2;yuTMWgOduFM;0.0619;0.5157;-1;False;-0.4;False;False;False;False;False;False
8d78fb4a056b40428150f0b46d99a92e;XFkzRNyygfk;0.1768;0.5209;-1;False;-0.37;False;False;False;False;False;False
6df5242d98444e98b731973844170e50;8szE-xCrFNs;0.0469;19.6831;0;False;0;False;False;False;False;False;False
769a39c1ae1c4cec84e6497dd5e36965;jwv-iRvyDZg;0.0220;0.9855;-1;False;0.46;False;True;False;False;False;False
a4ab827c72a1436ea8273c90a0620365;ty2q1sClQCM;0.2766;0.4131;-1;False;0.4;False;False;False;False;False;False
e7cca46c996f4163aaf52cf8a5d242fd;beINamVRGy4;0.0171;4.0309;143;False;1.1;False;False;False;False;False;False
56fc136f189b491294fe65b2f1cd740e;SQaqoNZ_35o;0.2754;0.7976;-1;False;-0.5, 1.8;False;False;False;False;False;False
4df3e21fe7f9431a9e111fb5a81e315e;zj05Pebbkbc;0.2708;0.3498;-1;False;-0.38;False;False;False;False;False;False
79129dc1519c4138a7c34716f5379c78;SMJhQ1cPM_A;0.0000;124.2291;89;False;0;False;False;False;False;False;False
bbe451ebbf7b4ad0816e70c0cc969213;2lvs2FzF64o;0.0044;2.0537;-1;False;1.9, 2;False;False;False;False;False;False
e813848a6c4446949e11d6b6659853cd;kZZmhbZJwng;0.1410;5.7338;0;False;0;False;False;False;False;False;False
7703343ed3e74b38ad5cd069e96b4867;76ley2v2s9w;0.0000;10.9816;0;False;0;False;False;False;False;False;False
3122d1a7225f47139fa270a19c6caac6;rhjjhQYx_BM;0.0000;8.6685;0;False;0;False;False;False;False;False;False
bc1899f9ef2a462195d736312f3d06c2;TgLzBwxo4_A;0.0000;53.4366;66;False;0;False;False;False;False;False;False
1de81c27947a43929a02645d8e4ec444;O-zpOMYRi0w;0.0000;3.8203;-1;False;-3.84;False;False;False;False;False;False
3559797f9a1647209578fcfbfa851e47;ijAYN9zVnwg;0.0047;0.9283;-1;False;-0.8, -1.1;False;False;False;False;False;False
4f2c196274bc43b99ae34bbc92a0cc33;lM5SPTmVlqE;0.1864;22.0483;80;False;0;False;False;False;False;False;False
8e76e0a5ee89451b8fdcd7524502c7bc;MrAtAxx4c8A;0.0354;16.3972;0;False;0;False;False;False;False;False;False
f806fff14236451dabe7351963237769;Y3qDzWO7H5M;0.2961;0.5644;-1;False;1.2, -0.5;False;False;False;False;False;False
57e7fbba680847d2bca9f8750c90fd1c;edHnmuaLLDM;0.0094;21.2667;0;False;0;False;False;False;False;False;False
5c8b80f3a6274c3f826d61650ca6a7d2;Rn7uaz0fayA;0.0339;0.5209;-1;False;-0.5;False;False;False;False;False;False
9cb91cc8ff2d4715ac20e35dc51bf9b6;1vrEljMfXYo;0.0229;0.5028;-1;False;0.7, 0.3;False;False;False;False;False;False
df66133633144a0cb813f422a455836d;GEuuj8EL3tE;0.0563;4.0867;0;False;0;False;False;False;False;False;False
af79b98527cf422ba3e9b4107b7422c5;8szE-xCrFNs;0.0469;19.6831;0;False;0;False;False;False;False;False;False
6d06e960817941a1ad4cde002c85254c;1ClCpfeIELw;0.2484;0.3252;-1;False;-0.34;False;False;False;False;False;False
4f9e38a81602484696ebf4671058af90;BtiZ0j1nofE;0.0000;28.1858;0;False;0;False;False;False;False;False;False
3b7e62531a6a45e98128d634e9a882d4;kZZmhbZJwng;0.1410;5.7338;0;False;0;False;False;False;False;False;False
13492490dd994eadb402787ea1798f47;Co6OHe4KaEc;0.0141;5.9079;0;False;0;False;False;False;False;False;False
a68fe748704942f7b63591a137dc81a7;1vrEljMfXYo;0.0229;0.5028;-1;False;0.7, 0.35;False;False;False;False;False;False
45a98dc68bc7426191a850f42fdcaf79;mPc2plEHrHA;0.0000;25.1512;0;False;0;False;False;False;False;False;False
2aa2f1fc57f848dc878f461ddcfb041b;roPQ_M3yJTA;0.0637;0.5695;-1;False;-0.3, -0.7;False;False;False;False;False;False
2ed813a485e54820838df7b88e0abaec;qPdihUTYk90;0.0000;17.2892;0;False;0;False;False;False;False;False;False
20d0a6f4e991402598438d6721dc0040;4I7qScX9X1Y;0.7203;0.2731;-1;False;+;False;False;False;False;False;False
fc595fdc4b5a4158931572d06b0b346e;vfnSSbRucMU;0.7146;0.2674;-1;False;0;False;True;False;False;False;False
01fe7b4cc53a4ab6aa512be7ff4da5eb;t4_jejN8sSA;0.6840;0.3632;-1;False;+;False;False;False;False;False;False
79590eac5fd247c790b24e2b51dd8021;mSZXWdKSQNM;0.6950;2.2734;-1;False;0;False;True;False;False;False;False
6c442872ddab413cb01a57ce28c49790;WqzBOhg-StU;0.7281;0.2738;-1;False;0;True;False;False;False;False;False
95da8182c1b34833898d77d6c320d612;hDkvwbQwtyo;0.6538;1.0826;-1;False;0;False;False;True;False;False;False
240750ef1e4f4367b20e244673519752;8CIfudW67zs;0.7852;0.4404;-1;False;0;False;False;False;False;False;False
c71f3847c9c6449fae00363f017bd84a;SECVGN4Bsgg;0.7915;1.6022;-1;False;0;False;False;True;False;False;False
3a6f7e96f03a49038629a99c552b89a9;pDCdStbQIGE;0.4466;0.4485;-1;False;0;False;False;False;False;True;False
6eebcfe6ea8644169d079f437dac6843;rxIU1yCZ3DA;0.6302;0.4374;-1;False;0;False;False;False;False;False;False
dc7feb5dfbcd4b6bbf63680959881fbd;qxwMbjAKxAU;0.5507;4.4722;-1;False;0;False;True;False;False;False;False
fee2f08572164ffda0ab1e78032db23f;WHKQ7ZE9pvw;0.5948;0.8642;-1;False;0;False;True;False;False;False;False
a3802f49d2994f889b1a9842d874e2fb;YOkPHHv8gOE;0.7652;0.5895;-1;False;0;False;True;False;False;False;False
f0ff1f1200604f719d37f6ce481a79b6;ze6c2qSGyTs;0.6411;2.6703;-1;False;0;False;False;True;False;False;False
e4dcc69e747f4ce78926a4769d584b87;eHhI7fZ6aIk;0.7926;0.3870;-1;False;0;False;False;False;False;False;False
9c09b6e8b2694ecc8cfa9f0956af1906;QH-S_0RKd-Q;0.7454;0.2558;-1;False;+;False;False;False;False;False;False
041c79c8e1184149b9d240510077afc8;94tiTgChO4M;0.5864;4.6648;-1;False;0;False;False;True;False;False;False
8158b884043341679ccaac0173b57fbf;iSfySO3jJgY;0.7944;0.6512;-1;False;0;False;True;False;False;False;False
2792994a02714a2d95e4ab77aeb09861;MA3WA53fi5c;0.7048;0.5504;-1;False;0;False;False;False;False;False;False
9164554a954f48b9bd62a36354e5fae5;K0siYUjV9UM;0.6818;0.3166;-1;False;+;False;False;False;False;False;False
7486d04d49de48e0849e2d8e799ee258;7I5CWyzTBGU;0.7353;0.5520;-1;False;0;False;False;False;False;False;False
9731b278f29347968c2ee085be2c9d61;WJRT-A52eH0;0.7801;0.3466;-1;False;0;False;True;False;False;False;False
f5a82ee0e7e4457cbf454f050d806ebe;Ui31Hma9rAw;0.3602;1.5443;-1;False;0;True;False;False;False;False;False
3f95c86b880d483d905f20ec35e336fa;XZd9tHVx1VE;0.7953;0.2232;-1;False;0;True;False;False;False;False;False
51dc592510894e36927afd9c756d1490;WVEt36YWl8Y;0.6606;1.1520;-1;False;0;False;True;False;False;False;False
101e1a018e9e4a8ca0986c59499bcddf;-2l1QI_TpaA;0.3226;46.8672;172;False;0;False;False;False;False;False;False
6bfdd2edd26d458893150692e5b2fabe;3Gwahh04Y1Y;0.7558;1.2030;-1;False;0;False;False;True;False;False;False
600a751107a049f380180dc4fdf81a9d;_pMXCrSA04M;0.7240;5.4510;144;False;0;False;False;False;False;True;False
f2644a8fffb74345b8fc215801f330f0;36AX554A3ew;0.6126;0.7779;-1;False;0;False;True;False;False;False;False
9e98173063dc4c48ad69e681d4ffe6b4;bnVUHWCynig;0.6859;0.3645;-1;False;+;False;False;False;False;False;False
d461bf8465c94b80be2daea0e0072445;UJmbn1sQw2A;0.7357;0.2360;-1;False;+;False;False;False;False;False;False
dccdc20f9e214becb07bdbb781e2ba32;1DQepQaporY;0.6848;1.0380;-1;False;0;False;True;False;False;False;False
d877c75560c64786be6d76418d7af327;ewSQYCTZcEg;0.5794;2.6227;290;False;0;False;False;True;False;False;False
71262fbe2b264e1598f4ce565d024e05;Rea5nHLzaXQ;0.7709;1.0053;-1;False;0;False;False;True;False;False;False
0b9c8aaca27a4e9fa3ef44fd90f49f32;RKtvrJcHuWQ;0.7991;0.3545;-1;False;0;False;True;False;False;False;False
6bfdf07e72c1493287c23e9a0b2a2ac7;8-vZlrBYLSU;0.6549;0.3336;-1;False;+;False;True;False;False;False;False
370c06530bd24100a078856282ed737a;D_lEQoNM70A;0.7915;0.8155;-1;False;+;False;False;False;False;False;False
bacd498b20f743f29ad96bfac12820ef;PB4MRsDSogw;0.7596;1.2397;-1;False;0;True;False;False;False;False;False
6ee5dcf21f4d43bfa6fd910b768b4c09;MwmxLCgai0Y;0.3373;31.0457;171;False;0;False;False;False;False;False;False
5516babfcb3249c6a49ea1ce9abcf09c;LCJblaUkkfc;0.7522;2.2943;-1;False;0;False;False;False;False;False;False
bc3e7aefda7c42b08bf72bee374b3e85;0IvVx-eo7Qs;0.5496;0.2740;-1;False;+;False;False;False;False;False;False
71cbe20731724c66b04ed87607d58e68;00PdHIPjaWQ;0.7120;0.3991;-1;False;0;False;False;False;False;False;False
00658116343c4502ac99de27aca47192;tXhdjJ2Z3qE;0.6026;1.3974;-1;False;0;False;True;False;False;False;False
69fdbeb882ee43e4abd8ddec73d71a94;-Vsxec2ssZM;0.7920;2.5668;-1;False;0;False;False;False;False;False;True
30b3f8afb6524172b965b09e55f8d2cb;ZRnzTTYk7_Q;0.5692;1.6396;-1;False;0;True;False;False;False;False;False
c5e8c8eff4c946c8929e4af8730241f4;YjXhjzne1u4;0.6371;3.9096;-1;False;0;False;True;False;False;False;False
3a1f91f080ff4d6f966bfed286667eb8;TYafIgGqKf4;0.7440;0.2834;-1;False;0;False;True;False;False;False;False
ee902004cb1c467eaf230eb516d7fd77;4W6S5rQNl_M;0.7635;0.7392;-1;False;0;False;False;True;False;False;False
7b3be894c33f4c419d298f4ec85d5c0b;g2gy1Evb1Kg;0.6379;21.5695;207;False;0;False;False;False;False;False;False
0c29d08dbaa840c19b36c3bf92bec386;0fMUYU8DC1U;0.7853;0.4894;-1;False;0;False;False;False;False;False;False
a88d98fe4dc04c01a0fcc4d1bbc9344f;3PE9QKxG1GY;0.3291;2.0919;69.45;False;0;False;False;False;False;False;False
cd3f0ec35b2f40df99c4f3f763af4055;UGpcYfng27M;0.5548;2.2184;-1;False;4.8 from 130;False;False;False;False;False;False
e44e2a159d9a491b93ba26e64aef33fe;YDDyE8pGN1k;0.5781;2.8591;-1;False;0;False;True;False;False;False;False
321fb8d3ad534fdeba75708c89ef6785;p6Fdm3-dnr0;0.7758;0.2313;-1;False;0;False;True;False;False;False;False
af352c4b85ec4326b762ae9dca631e51;zgUwd2Gkb-E;0.4928;0.4109;-1;False;0.3, 0.5;False;False;False;False;False;False
d96d30e8b272415696622d1f95e3b82e;dgQEqdj3GwE;0.7380;0.2246;-1;False;+;False;False;False;False;False;False
b6290e409d6244e880071b3338c31617;lK-_KlWqmjU;0.6483;0.5021;-1;False;0;False;True;False;False;False;False
687f0adafd8b43809676c7970dd04bf7;heZQVYvHPsc;0.7868;2.2053;-1;False;0;False;False;False;False;False;False
c2cbe6859615414c86f11cee34421ec3;Z3Pb3EJY5Qg;0.7457;0.2838;-1;False;-;False;False;False;False;False;False
f3f2be13e4df4555ab64423687c9791a;nvHq4siXbPo;0.5826;1.2969;-1;False;0;False;True;False;False;False;False
f4a957b20d084a5aa58ef48c897953f8;erSJGrpfnOI;0.7181;1.1613;-1;False;0;False;True;False;False;False;False
4833f3c690d246d287d3eda64290de7c;0AvuweztG4Q;0.7330;0.5156;-1;False;0;False;False;False;False;False;False
e11707a524304c729334d288554f99ef;LhNJ0dV6lkU;0.7121;0.7981;-1;False;0;False;True;False;False;False;False
df140cd696d04ff1b8788f60f4a28801;WXS0YMbUzo4;0.3789;2.8843;183;False;+;False;False;False;False;False;False
4bb5716ee23640cebf0688782f0f2b2d;UIBEU7JaxF0;0.7870;0.5237;-1;False;0;False;False;False;False;False;False
784edf6d650b4a7f9bc63b525673ca01;bk11Ayxd2MM;0.6537;0.3950;-1;False;+;False;False;False;False;False;False
85cafbcdfb2942fa82467ea1f2b15a0e;eMOGFCmhw6w;0.7949;0.5462;-1;False;0;False;False;True;False;False;False
574f2831d7e04060b1befcedf8157761;6g28CpuEoQU;0.7611;0.9814;-1;False;0;False;True;False;False;False;False
7dbf32397f294ce6afd2f42d85117a56;6V5mtUff6ik;0.7939;0.2252;-1;False;+;False;False;False;False;False;False
e94cac8cdff94c15bd4cbf1fcd22a9b6;zWmF_2u-9nk;0.7759;0.3926;-1;False;0;False;True;False;False;False;False
ebe427903a354dd8ab4581007af04dc7;cfxxR1dY1Ic;0.5944;0.7342;-1;False;0;False;True;False;False;False;False
8919a675ad3d4a51a23b110180284f11;hA2nD_0CL7Y;0.5645;0.3084;-1;False;+;False;False;False;False;False;False
2ab1277de98e40e7920927b9843354fc;S5RAATO3rTE;0.4453;0.6609;-1;True;0;False;False;False;False;False;False
d859b74949bc48529e5b8ec8858edac4;lAsvjVx-Mg4;0.7387;9.4048;-1;False;0;False;False;False;False;False;False
8bd8135f2d5d426aa52a26c38be318e7;gVP0_6igQs4;0.7968;0.2926;-1;False;+;False;False;False;False;False;False
76fe7166980a49f4a9c1835b33cdf3a3;KaBdajHOsSM;0.7086;0.4547;-1;False;0;False;True;False;False;False;False
d9e3b7546d5544ce928d11134eaf3a71;YqJhfE08wxE;0.7244;0.2053;-1;False;-;False;False;True;False;False;False
1c1e636e4c1b4374acbba4a0504a6190;J77YoMEwrMs;0.7250;0.7443;-1;False;0;False;True;False;False;False;False
d7ebea8e24a343c5bf7a8487bd86cd92;gzlkg_wswXs;0.7955;0.4828;-1;False;0;False;False;False;False;False;False
16208366e28542c2989acefea57536a4;KVjeheaFfsM;0.6490;0.9734;-1;False;0;False;True;True;False;False;False
c10e2b385f6f4fd1bb59144362eb40ab;SVk-bacM75Y;0.7303;2.1069;-1;False;0;False;False;False;False;False;False
07045583ddf5450c93550a40cbc92a63;UjjUYFn_g4c;0.6698;0.9428;-1;False;0;False;False;False;False;False;False
390044e8958f45868ceb7bc1e682c5f3;gq1roSoMS84;0.7545;1.0160;177;False;0;False;False;False;False;False;False
937417ae87e44612995d7c91f235ff55;VasDiLee9Q0;0.5929;0.4819;-1;False;0;False;True;False;False;False;False
d37daf781077467c9f8047fb92ce551b;4rjYbOsu8Mk;0.7034;1.0985;0;False;0;False;False;False;False;True;False
eabef1ca06f14624a138422c8b8fc39f;wUTtr1X1Eb4;0.6343;3.8305;-1;False;0;False;False;False;False;False;False
061c5cb04d9c4498a8ac8f565c0f958f;RSaugshzywA;0.7650;0.2121;-1;False;+;False;False;False;False;False;False
c357d487bfd54a8485cfc5af3032312c;X02t8vKLtbw;0.6832;0.2992;-1;False;0;True;False;False;False;False;False
bb276176316841bd9298a720b2728767;t05G0983BcI;0.7405;1.1720;-1;False;0;False;True;False;False;False;False
da9d680381004f7196c34fa7c6394ab4;2ssCL292DQA;0.6573;0.3683;-1;False;+;False;False;False;False;False;False
8f4f6ec398504cf7b5b89f112daaf7e6;HGN8SNsD1is;0.5806;3.3489;-1;False;0;False;False;False;False;False;False
78ac8e6b4cb64862af2093ef266d2ebe;QTYuD2kFc5c;0.6952;3.9816;-1;False;0;False;False;False;True;False;False
f7d7e92173aa43059460bab9a887b176;40V9_1PMUGM;0.3695;0.6028;-1;False;-0.7, 0.5;False;False;False;False;False;False
af91a0f2c3074f92b381b93fd7e1533a;vLtqTb53ZEY;0.7256;0.3815;-1;False;0;False;False;False;False;False;False
0dcb8f046b124b0f80ea50ec9dd77e59;9DCdCoQ49u8;0.7416;0.3972;-1;False;0;False;False;False;False;False;False
f4b28baf4c994b569d3bf8be517327fb;6VWYdqgjQbs;0.5864;2.5951;-1;False;0;True;False;False;False;False;False
6a1c2e7431b84f0f8b8c2a90ab6e4fe4;YV-SpT69IZ8;0.7455;1.9973;-1;False;0;False;False;False;False;False;False
b252929f8f284a08afc91ba06d643deb;zVPNBUbgz60;0.7597;0.3898;-1;False;0;False;True;False;False;False;False
c8617ac16193430382a5e1c3f199cc19;TBrjeYALCf4;0.4703;1.3607;-1;False;0;True;False;False;False;False;False
467ae4dec88a48809ca01cae3680caf4;qd0MGxtfC3k;0.7917;0.6370;-1;False;0;False;False;False;False;False;False
03b30a9a3f5d4860bdf0355a6f3452bb;xyN2609W4wU;0.6512;0.6712;-1;False;0;False;False;False;False;False;False
bda4489b6dcc4cc282acd6c4803884d3;xJiQIifKWjk;0.7682;0.3646;-1;False;0;False;True;False;False;False;False
56b5f98d1c514288a82c3946b92b185d;RlO-NeUUNdk;0.7236;0.8871;-1;False;0;False;False;True;False;False;False
bbe79c6fee184caba6de12c8d6b61600;weMrzt6W8V8;0.7175;7.3812;-1;False;0;False;False;False;False;False;True
7dc2c19f963c4411b2a1fec46b7b07d7;bSpqLqC7U6g;0.7684;3.3590;-1;False;0;False;False;False;False;False;False
1631dcf5067d46f2a9bb94b949d6fc96;PPaGujo9p9o;0.3992;34.6380;131;False;0;False;False;False;False;False;False
379e6eb348f34fbe8e24ac50b310a815;EN9auBn6Jys;0.5330;0.7878;-1;False;0;False;True;False;False;False;False
c6c0113151bf4daf81989947c06076a6;Uc89WTEh-jE;0.7952;0.4368;-1;False;0;False;False;False;False;False;False
e385cfadd6944b0ebd737e9002433be4;F-qHo4oFX6I;0.7731;0.3504;-1;False;0;False;True;False;False;False;False
c0266e93455b4cc98523ec158ef56f0c;4yYlH_p_4ic;0.7270;0.2535;-1;False;0;False;True;False;False;False;False
9bc291c8b0a6432992810fc7801350e2;vTFEQdXfJcU;0.7972;0.2232;-1;False;0;False;False;False;True;False;False
53f8cb1b83084acc98841b3aa91e4e77;h3aVkc5MbDE;0.5600;17.2014;169;False;0;False;False;False;False;False;False
523a834e642a4e2fb761fe048cb427c7;KUmrNavXsd0;0.7831;0.4235;-1;False;0;False;False;False;False;False;False
297b9c354df1451680597042ce264a6a;1AzzlFmmrSM;0.3493;34.7250;150;False;0;False;False;False;False;False;False
b48d018ce3444b98a4edf69cfb6dd499;Z_dPvlF9_7Y;0.5480;0.9446;-1;False;0;False;True;False;False;False;False
62a3bafa4076484ea8aa658a7729ae26;F51zmaBQ32Q;0.7669;0.8409;-1;False;0;False;False;True;False;False;False
3174357fdbab417c87f61c94ba34621f;nQJgZ2IUxRM;0.7649;0.2097;-1;False;+;False;False;False;False;False;False
505daca496b746efbad3510cb9fade1c;G8HBIH7WeP0;0.5085;2.2429;-1;True;0;False;False;False;False;False;False
5f6827197147494ca9d266d5a997fe13;WrizrrmTuZ4;0.6296;0.2683;-1;False;+;False;False;False;False;False;False
b273dab85e5b4149bd35ce8d8464b2fa;ZhjTXV2WA9g;0.7241;0.5930;-1;False;0;False;False;False;False;False;False
093ee06274a544be8402a52480029bf3;X0_VZuDsnaY;0.3365;1.8401;-1;False;0;True;False;False;False;False;False
e041c0607aa048f583030dec80e100f1;5yjEKs8hlWw;0.5888;2.2616;170;False;0;False;False;False;False;False;False
c83666a88fa04962997efad58ac9b612;FqIACCH20JU;0.4805;0.3569;-1;False;-;False;False;False;False;False;False
5b45a2759bf947f6b0e058ebbec6d637;KTpTEGUsGzk;0.6405;4.4425;227;False;0;False;True;False;False;False;False
52648357791245bbac35d60f8751b0f5;O2IuJPh6h_A;0.7868;0.2583;-1;False;0;False;False;False;False;False;False
4011addb894243bb9eca7c556070dbdc;_Tte-pWROAo;0.5812;0.3477;-1;False;0;False;True;False;False;False;False
23d8356ee1c84986b93801857fa030c2;-YLiNTm5-RU;0.3526;0.9638;-1;False;0;False;False;False;False;False;False
9d884d90c3ee4989865c1d28919e6fbb;vFl5biS3fPs;0.5363;1.1373;-1;False;+;False;False;False;False;False;False
407a625229684cedad26724774a5e3f6;lYauAg1Qaxk;0.6162;4.0468;215;False;0;False;False;False;False;False;False
64806917ca1644f5b12d8401d6dc258a;-LlfGrP4n6E;0.6797;0.7776;-1;False;0;False;False;True;False;False;False
7a3ed35afc3b4dcf8715ef830ccde909;PflZJvnREDs;0.3815;1.4706;-1;False;0;True;False;False;False;False;False
4f7c6a105d2b41fda8e4ec2928f03f0b;nhODaNiaKMA;0.7525;0.2859;-1;False;0;False;False;False;False;False;False
1b4b8bbbfbcb47968981ae8759732f78;fHGKG9dyTKI;0.6914;0.2840;-1;False;0;True;False;False;False;False;False
a66ab6eceafe40db98302f22551849a2;Dh-gbFL__vU;0.4161;0.4416;-1;False;+;False;False;False;False;False;False
2de85bd2d1064e2e99f19b0e8cb7ad7d;zuqE1gz7qyE;0.3220;0.6069;-1;True;0;False;False;False;False;False;False
6117388c29c14ed49975f9a0027e958a;w8YHBvX4QtM;0.7470;0.2512;-1;False;+;False;False;False;False;False;False
ab934403d8c74925a01784ead7ae1717;lsYw-ER4h74;0.6957;1.0837;-1;False;0;False;True;False;False;False;False
302c5d39f9874931bbd9866b44f39c18;Zz-DJr1Qs54;0.5900;1.1508;-1;False;+;False;False;False;False;False;False
16e4bd7e8d8d476e85afd5321a3b58f9;BJ1h23iC-6s;0.6336;1.1110;-1;False;+;False;False;False;False;False;False
e1554cdf9095436a94d7bbde0836381e;DRFlyfcbcFM;0.7696;0.3476;-1;False;0;False;False;True;False;False;False
cc60f99c5c37445481a9e0bdb2156dda;cvDkryqHoHE;0.6000;1.5063;-1;False;0;True;False;False;False;False;False
83bdc09dea8f473aad6d43d77ec3b80d;uZjnLRWUYOw;0.6610;23.6312;204;False;0;False;False;False;False;False;False
3822d8d82f66435c8e5e4123a380c693;lmmGWRCQ26w;0.5976;2.8574;-1;True;0;False;False;False;False;False;False
2138623e1ee640b2b39ae361dad76682;ZqH6rV1E2oY;0.7464;0.2066;-1;False;0;False;False;False;False;False;False
556ab24dda4b4d8b843051b97b920a9c;_-B8chdVzek;0.7023;0.2365;-1;False;+;False;False;False;False;False;False
e760c280fdd047029f853514162d411c;pifAOXPpfYs;0.5189;0.3964;-1;False;-0.4, 0.8;False;False;False;False;False;False
f921ce0553f34b898ce6c77a24c84103;CA97HEHPT3Q;0.5720;0.2799;-1;False;+;False;False;False;False;False;False
a90430d5ecdc41408c883702e4c4f747;zknlwXuGJUg;0.7906;0.7188;-1;False;0;False;False;False;False;False;False
d8c260b42a95416d8c6978cb00039ff1;syU8zdQvHZs;0.7794;0.9415;-1;False;0;False;False;False;False;False;False
c0beb739ef3a44ab82a4366e118cd23d;eTt-GXnvvmw;0.7676;0.2421;0;False;0;False;False;False;False;False;False
a31270cf63b14adfa0edee2a1beb4b2b;_h3QM_zp8NQ;0.4851;3.6432;-1;False;0;False;True;False;False;False;False
2b1c79c47c1f40f6a0a6c11711a9104d;5GxFbd8fW3U;0.7614;1.0807;-1;False;0;False;False;False;False;False;False
a8a64eaf9ebf48dc8b26a676db4a0dcf;hEhaDl-QkKo;0.6552;5.0498;188;False;0;False;False;False;False;False;False
730488958c044f4583690d6b9b9f4c5d;6T2ALPtEytc;0.7462;0.9171;-1;False;0;False;False;True;False;False;False
312ad2c8a0004e6da0f7aa16b2c08f49;PqpWWMIsar8;0.7617;0.2544;-1;False;0;False;True;False;False;False;False
5aa0d30da5974b6caa0d88545f0a4858;1lymwP7atnY;0.7086;0.8317;0;False;0;False;False;False;False;False;False
621c0375eba84843813225f020e75cdc;isEzhladyzA;0.7406;0.2690;-1;False;+;False;False;False;False;False;False
d57beec5e9954aa1b4853b90521f2c8b;PbgwQT-lklw;0.6095;0.8259;-1;False;0;False;False;True;False;False;False
8ed815f5673e4ec49959089c39615903;EAtwg1BwKek;0.5148;0.3282;-1;False;+;False;False;False;False;False;False
6141cf8e7c994b90941d99b48645f24b;lIr2nTgmv98;0.5278;0.3313;-1;True;0;False;False;False;False;False;False
4e5fc6e5044240a1ac5b7bb3f62d8910;OTzljLzccpU;0.7784;0.2319;-1;False;0;False;False;False;False;False;False
96fc44804eca47b1bda49c1751dc546a;FNz1Fv4I8Wg;0.6806;0.7489;-1;False;0;False;True;False;False;False;False
dc295ae639ca4be482a857d6c0f76370;QRtzeBvoyuk;0.7608;0.8235;-1;False;0;False;True;True;False;False;False
f9bb66fe27b04546866dd01a5a8064f4;EviXbSlbY-Y;0.3837;0.8182;-1;False;+;False;False;False;False;False;False
c2ba6a5c606f4c69865fc02d1abe42c7;1IIkaH2pY50;0.6458;1.6466;-1;False;0;False;False;True;False;False;False
f617ba9a6e8a406cbfae25b4987f86ea;216q4---F94;0.5664;1.3556;-1;True;0;False;False;False;False;False;False
1806a7e23d3749d6a1ebcc31a21b1ded;GXjDj-P9cMc;0.7921;0.3774;-1;False;0;False;True;False;False;False;False
5bd0db6169214513be038f0e74ccb4b2;HcmMolE4le4;0.3884;18.0226;72;False;0;False;False;False;False;False;False
472799e300e040cc933599d1973ae9a3;Xi-V06al_h4;0.7304;0.4666;-1;False;0;False;False;False;False;False;False
c08c20823679486fbe5d4dea96c47d15;CPwHwfcvSXQ;0.6084;1.0545;-1;False;0;False;False;False;False;False;False
896c41ad2a0446c79644e01896cec54b;sFPilIRxwvM;0.4612;1.2245;189;True;0;False;False;False;False;False;False
f1620aefb41d4af081c4fd5b4d7dfbb7;8p5QiOPtX14;0.7824;0.2325;-1;False;0;False;False;False;False;False;False
912f967c11f04d498f316029155f1748;63vqob-MljQ;0.3789;0.7748;-1;False;0;False;True;False;False;False;False
12c95b10752448dd8bf71e931b508394;A0kd-w7Xwd8;0.3529;0.4122;-1;False;-0.4, 0.85;False;False;False;False;False;False
860c957566a94ff88651751a8d2520d4;22aEGyJczPU;0.7928;0.3208;-1;False;0;False;False;False;False;False;False
6544fa73bf9746a3a283afd6c56f4a3d;GqX0zOWlIwM;0.7742;1.0882;-1;False;0;False;False;False;False;False;False
c132dc109c93464c860ef68698aad06c;V4Ghagx6Mek;0.7803;0.1797;-1;False;0;False;False;False;False;False;False
0db0a63bf22f40049423e7690904f869;hJzotJUlQws;0.7869;0.2382;-1;False;0;False;False;False;False;False;False
f4e30000952749cbb2c1d4087e57b7dc;Zf052uxFF58;0.6188;0.4326;-1;True;0;False;False;False;False;False;False
d7300568dc0349f1b135dd579b4f4f6e;wqjouYChsGc;0.6419;15.1708;140;False;0;False;False;False;False;False;False
d4ad3a298b2745669a5ee4a557939141;zR5_KkxgGqE;0.5674;0.3476;-1;False;+;False;False;False;False;False;False
d937650bd9f340e88677d991f971e33f;b_JLZxpHJAM;0.7500;0.2885;-1;False;0;False;False;True;False;False;False
ea0ded98fcdb44a8b90ddf4eabb9f306;mSco0oUym9I;0.7973;1.6506;-1;True;0;False;False;False;False;False;False
a09b97a8a1cc42c2984692e4044095a6;q7RykgQN1sI;0.6872;1.0258;-1;False;0;False;False;False;False;False;False
4d56bfedc1134a119f3ce678a01d7203;v00RQms9QiM;0.3876;2.0740;-1;False;0;False;True;False;False;False;False
8e540b8d605e4c73b141a2fd2ffa272e;tyoDVyY82Q0;0.7389;0.3132;-1;False;+;False;False;False;False;False;False
606de4a423bb4860a24d61e95adea334;XWSsDhaGfn8;0.7581;0.2643;-1;False;0;False;True;False;False;False;False
7e1684ee88a0486a9c35b6426f348432;RZ3BA9VIYQM;0.6176;1.0764;-1;False;0;False;True;False;False;False;False
4913e549b3234d709ccc0df86c0db24d;i9TbMJ5gmY4;0.7626;1.2722;-1;False;0;False;False;True;False;False;False
7ce5894ab3084e4fae8731adf3a4d25a;aPbjcZaggjM;0.5000;0.3355;-1;False;0.5, -0.6;False;False;False;False;False;False
11da154b43ce419dab18616729ea0507;ow6EbUVav2E;0.3472;1.2129;-1;True;0;False;False;False;False;False;False
360830c8de5f422a8eddeeeed2446138;d5jDUgjb47c;0.7660;1.2203;-1;True;0;False;False;False;False;False;False
99fae1c68cfa459f89051be963ef3cc1;APQai-h-lwQ;0.7744;0.6090;-1;False;0;False;False;False;False;False;False
07982d3af2694d6da29577f694f5a6d8;lK-_KlWqmjU;0.6568;0.4921;-1;False;0;False;True;False;False;False;False
44d8dc574b2b43babcd7cccaaf36ad83;4j0Mi2okC64;0.7742;0.5071;-1;False;0;False;False;True;False;False;False
f5fe5e6534d44c5c934f2ce3d5b71b45;3AFmXqnz2RI;0.7708;1.2899;-1;False;0;False;False;False;False;False;False
fb42ba5d426347288f0efa681d3bf1eb;Fl3dYisSWOc;0.7512;0.2407;-1;False;+;False;False;False;False;False;False
6af18d3c8e4e4995a563c24c2a3f9a06;A0Yn72QM-lg;0.6840;0.9902;-1;False;+;False;False;False;False;False;False
6bad8ac2c19b47ca9f89f757663d7856;fCVuK9uwKQE;0.5277;0.6819;-1;False;+;False;False;False;False;False;False
14ecc60abed046ee9e3075197acee5d0;44e7Q6dNIbM;0.7500;0.2485;-1;False;+;False;False;False;False;False;False
ef15682939aa4046a059ce9b54720f38;IGVZOLV9SPo;0.4519;0.6398;-1;False;-;False;False;False;False;False;False
364989721d70447599b864849902da0b;3T1c7GkzRQQ;0.7436;0.4338;-1;False;0;False;False;True;False;False;False
5cf8170e866541abb3fcf6902cd852fc;4PXWIoI-1Wc;0.3832;8.4241;-1;False;0;False;False;False;False;True;False
5f5f26a930244dac961f8c09e9a76d44;lmun5PO54VE;0.6050;1.8756;-1;False;0;True;False;False;False;False;False
30db214336614f2cb905bced1f7962f9;5RYY0hwHIRw;0.7670;0.4518;-1;False;0;False;False;False;False;False;False
3b34c8981a1f40bfa6435d5d49a865b2;NyoTvgPn0rU;0.6909;0.2811;-1;False;+;False;False;False;False;False;False
229ad65f41d946c8a286e9fb7956f273;TDTLPnOBS70;0.7767;0.2396;-1;False;+;False;False;False;False;False;False
b8a379b0f78e4f35881859f5b472b823;3FWF4cI6dME;0.7913;0.3740;-1;False;0;False;False;False;False;False;False
e123742449e14450abb7db68933e3b00;aqUYPgYcgDQ;0.3816;0.4951;-1;False;1.2, -0.4;False;False;False;False;False;False
a6942eaa475e4e829cc686262e4c99d4;Xv1ru1z9kj4;0.7865;0.4122;-1;False;0;False;True;False;False;False;False
b02e4ff4aba7427fa1896afd18602b7b;Lx58hXh4pVA;0.7754;0.8137;-1;False;0;False;False;False;False;False;False
dbb27ae2001b403f8637a3ab0772f946;F19f3Kr021U;0.6169;0.3228;-1;False;+;False;False;True;False;False;False
cc46c14432a94be0affc7ccd3a47168a;HUaIdOsJqF8;0.7544;1.2783;-1;False;0;False;False;True;False;False;False
389206be2e2940f8b4b44a73bb5fedb9;2NFZ_EHuDlY;0.7781;0.2476;-1;False;0;False;True;False;False;False;False
246057e812de4666b26adebe538e1f06;5usTSBQQ3oI;0.7664;0.4977;-1;False;0;False;False;True;False;False;False
2d3fc4ec5cfe4940b6f76a4b8589c1a4;9u-BoI_kFt8;0.7773;0.2186;-1;False;0;False;False;False;False;False;False
169b126b39a24b248950406e92d1ee7e;ANsQ6N4ugXs;0.7846;0.5882;-1;False;0;False;False;False;False;False;False
c0c853b3facb425495f517181b460eb5;3BGSQopWzZQ;0.7716;6.4189;158;False;0;False;False;False;False;False;False
159878eec9434d8a81657f3add81c55a;31mlEEs9_Vk;0.7872;0.6092;247;False;0;False;False;False;False;False;False
05c3e857b1ad4f7cbd8793e9f60779e1;eREABBsxBS8;0.7590;0.9593;-1;False;0;False;False;True;False;False;False
32ce82310ec94651b95963efd9019ada;pO3KfDGbn48;0.6292;0.4643;-1;False;+;False;False;False;False;False;False
48db71ec7faa42a8b50402b9f6ec63fa;xchGAzcDNlw;0.7870;0.4616;-1;False;0;True;False;False;False;False;False
743ba4aefe3f412894cd22ee5c4b4ca6;7JONA_6ZCrE;0.6866;1.4866;-1;False;0;False;False;True;False;False;False
c3b33e131e5642d09d0cfaa7ce5bb0da;mNoo_rNZQ84;0.6909;4.6108;-1;False;0;False;False;True;False;False;False
7efc132cff79482080dad1ad3469ae81;3bEUaeG4wH4;0.5688;0.9063;-1;False;+;False;False;False;False;False;False
d3c3882124ac485c8d0a21899a3be46e;48IF2Dr16SQ;0.7796;0.3034;-1;False;0;True;False;False;False;False;False
6f5bed87d94c4bd99adb8a60b2e0afaf;8ttu6RxqbZg;0.7067;1.5967;-1;False;0;False;True;False;False;False;False
431a38f3e2864177b020cc4dfa43bffc;CySYwZNH65I;0.4359;3.6265;-1;False;0;False;False;False;True;False;False
25e4d413b7c44f26bf2a863521d6d8c6;Uc89WTEh-jE;0.7952;0.4368;-1;False;0;False;False;False;False;False;False
1f7fabaa80c64b0299b7002a572b805d;yOnOTu0N4_s;0.6820;0.2610;-1;False;+;False;False;False;False;False;False
5a6a28bc48e24ab1b0f3a3d38cd9eb36;vS0b2bhtwO8;0.4375;0.9275;-1;False;0;False;True;False;False;False;False
8bc1c3aca17e400bb9daf30cd8edd736;O3yWVa0c4eY;0.7582;0.3082;-1;False;0;True;False;False;False;False;False
fe44f53238cd41188efea3fb2d674abb;7Jc82HQuD-4;0.7593;0.2220;-1;False;+;False;False;False;False;False;False
3dc1529d520f4fbd932bbdf31b434db7;Rx37aGw_Rcg;0.7284;0.2412;-1;False;+;False;False;False;False;False;False
8247bc1d70ba4c4a9a9ae8cad93480ff;C1kHeeEMe-s;0.7996;0.3133;-1;False;0;False;False;True;False;False;False
c54020552e764d83b8267b0d1a09faf4;2RBe_qUGt1A;0.6410;0.7138;-1;False;0;False;False;False;False;False;False
0b20864815bf4fc393053cb793ddf4cc;LHowuJEUvQc;0.4496;27.1480;165;False;0;False;False;False;False;False;False
d9f98dbf16f24642a640a5498c8b19fc;YDSA1Trzjmg;0.7749;0.2481;-1;False;0;False;False;False;False;False;False
af263adec8d74d34874e701ffcc2a9ec;2Fcuq1--52A;0.5986;1.9636;-1;False;0;False;True;False;False;False;False
ee588c0cd164412d9dbe18fda38e4824;ZYVbgl4mLB0;0.3913;6.7875;0;False;0;False;False;False;False;False;False
c297a6875df745b9970d6f4869eb5b5c;7Ix4nX9dmCE;0.4261;0.4806;-1;False;-0.5 < 0.7;False;False;False;False;False;False
1484e27f743c467f8d68e2be51b68b00;cDLwdmNgaOg;0.7861;0.2705;-1;False;+;False;True;False;False;False;False
4f6cadadc35a417cbdd0a641b103f91e;dZQjRfQ5BPw;0.7885;0.7213;-1;False;0;False;True;False;False;False;False
fee6c3528ef34126b80d7dd90dd8df12;BHRyMcH6WMM;0.7198;2.1783;-1;False;0;False;False;True;False;False;False
75859224414141b9ba92e2e9d3ec932a;lAW-SPmEGdY;0.7913;0.2335;-1;False;+;False;False;False;False;False;False
3124c1fc9def4794871f437f5d606037;pxMGOTYc45o;0.6299;6.6640;190;False;0;False;True;False;False;False;False
c215af4081284288a5d26b400bdff0d9;WLO2fppkO14;0.7100;0.8002;-1;False;0;False;False;False;False;False;False
6cedc6e9a18841729bbbc35ac21994b1;pOv-5RTCKfU;0.6736;0.4431;-1;False;0;False;True;False;False;False;False
33a9cf7471534be1b716fc70adc12fef;-oUbGCGlrQ8;0.7925;0.2688;-1;False;0;False;False;False;False;False;False
f653f83cf6fd4855936fb28fa40303c4;ZU4jCSkVJ_A;0.7769;1.3074;-1;False;0;False;True;False;False;False;False
7cd8a25c773b465888283462bdc36254;FK1yF2woT-E;0.7974;0.3114;-1;False;0;False;False;False;False;False;False
88ac9031f5c74c2ca36bb13c8b72ca17;zR5_KkxgGqE;0.5674;0.3476;-1;False;+;False;False;False;False;False;False
5b35ffee29274a4b99efbd434b8cf098;qT9S7VpxTR0;0.5457;0.3184;-1;False;-0.4, 0.7;False;False;False;False;False;False
bc3016bd513748709ea05aa4972269c7;3l2WE1RiD3M;0.5103;8.7482;194;False;+;False;False;False;False;False;False
2b0dc722efe64514b138cd66309de8ec;RuV2agQPgps;0.7635;0.5776;-1;False;0;False;False;True;False;False;False
4bbdfb8f6d5d410c92caf55e0799cd1b;Ar0RA4InvVI;0.5000;4.2316;-1;False;0;False;False;True;False;False;False
52c7742a190c45318299e2c45b0b1897;Z3cp8LERM70;0.3929;3.3723;576;True;0;False;True;False;False;False;False
db213b6ea97b4913b7ecca4c24a7312f;WSjpVDi1Tu0;0.6518;0.3760;-1;False;+;False;False;False;False;False;False
134ec8b1c1f74b31bd6fe81b2276887e;2PlgN0ta6E8;0.4487;18.4519;-1;False;0;False;True;False;False;False;False
4a0627f0e75f46398550da1be8f225f0;5i_0PkOqLKA;0.7669;0.2358;-1;False;+;False;False;False;False;False;False
851c91e2a1d842b0981e6667f5f8434e;gOK3rqVgN2I;0.4872;4.0234;-1;False;0;False;False;True;False;False;False
6a94734f15e640a3b1e3f8d09f073f27;Z_l4pa0IkOo;0.7044;0.2619;-1;False;+;False;False;False;False;False;False
69b416dba2f34c7d92f76cb8849ba79d;RvI_UsP_7iA;0.7516;0.3863;-1;False;0;False;False;False;False;False;False
fe0b7129f89c4bafa21866f5db0222ee;nh-jXYZVDS0;0.6949;0.5186;-1;False;0;False;True;False;False;False;False
d01c067bf0e04ee4a153094ad3c7c1f8;TPqLJJfrVVY;0.6471;3.2320;-1;False;0;False;False;True;False;False;False
f69d0944ee36460ebca89818428c4544;jHlm22f0JtE;0.6769;6.3485;-1;False;0;True;False;False;False;False;False
3bcf00e93d7b4256a8ff0be588cf5672;RorLPI-e6sM;0.4000;13.4084;179;True;0;False;False;False;False;False;False
ff9814ae6d8d4f80a0be37ab9bdf03f8;Du_YaEXVv2Y;0.7405;3.0776;207;False;0;False;False;False;False;False;False
71604e24ef314d218584bd69318da6f4;dFs261AKUZc;0.7819;0.3593;-1;False;0;False;True;False;False;False;False
1b2fb91c7f20442aacd630f09464e892;LYQdC6QGinM;0.7752;0.5734;-1;False;0;False;False;False;False;False;False
ba5e7ad6af5840de9ff93fc0b3849ee5;RcMt6zI7VkM;0.7258;0.4948;-1;False;0;False;False;True;False;False;False
6a316d39e9d74fbf8443024c83b8e2f9;y1T1dS-bh4s;0.7553;0.5571;-1;False;0;False;False;False;False;False;False
5c3825ff713a45cd9653051901ead782;YDsLKEado_o;0.4765;3.0063;-1;False;+;False;False;False;False;False;False
2ca401ff825744d59e29f465986a5b8c;6OmbjjWVhko;0.4717;0.7997;-1;False;0;False;True;False;False;False;False
ffecb6f72fca4c51bc649bd61d7264de;5QXxozXsDZY;0.7788;4.2511;217;False;0;False;False;False;False;False;False
a0eeb583e1b84fe0baeebf5621e17984;N9SZaOJEWXU;0.6917;0.5066;-1;False;+;False;False;False;False;False;False
84030a2721b9401eae60c6d9b809ec30;wVkYRFyNuV0;0.5000;0.5934;-1;False;+;False;False;False;False;False;False
8ca6f1cfe6944bb9b6aa874a9bd5fb62;19dzm45ttWE;0.7863;0.2709;-1;False;0;False;False;False;False;False;False
69f6aa44be384189b2fb59f14d993205;Wd_pU80mGXk;0.7257;1.6449;-1;False;0;False;True;True;True;False;False
7a417451e8e4402984afcf849ae2d69c;ZZsMQ7Vp4rE;0.6786;0.5014;-1;False;0;False;True;False;False;False;False
e76a7846ac9d4a4dae8997cb4e58ded2;UBozyHxiPgk;0.7170;0.4817;-1;False;0;False;True;False;False;False;False
f08b9636b940463a81dea668a2cd0a66;AKRyWWiZRu4;0.3936;2.8665;-1;True;0;False;True;False;False;False;False
0b76c6351d704876adeb175ce1414e20;HDpCv71r-0U;0.7572;0.2867;-1;False;1.1, -0.4;False;False;False;False;False;False
017dc84e8b6a410ebd66ca61b1c87830;f8OHybVhQwc;0.6238;3.1563;-1;False;0;False;True;False;False;False;False
1e5812a251184f7b98ce3f71bdb13014;HV3O93ZQF30;0.3750;25.7415;148;False;0;False;False;False;False;False;False
aec55fc6b89f41938f19a39bc5166809;CBJ2TRkj_ms;0.3237;0.5168;-1;False;-0.7 < 1.1;False;False;False;False;False;False
422d9cbc50d64dfbad798f622abeb09a;PZvOnhNOEjo;0.7299;1.5092;-1;True;0;False;False;True;False;False;False
c1c1a41913734b9f9b1231e11be8f54c;UJujyzA2Q1E;0.6726;0.7040;-1;False;0;True;False;False;False;False;False
9f5ab312e2b544948e322e37dbd4a3ce;ckYHXNlccug;0.7094;0.3332;-1;False;0;False;True;False;False;False;False
e6b98c2eb64c4fb69b566a63564e2843;oEFWJTA0ZIY;0.7663;0.5973;-1;False;0;False;False;False;False;False;False
24ef08be5cd14a1b9783dea2b4476c3a;h9XFq99bojc;0.7154;0.5745;-1;False;0;False;True;False;False;False;False
da4e3c346e964e6fadf3d37dae689460;jJDcrdEDgos;0.7383;0.4290;-1;False;0;False;False;True;False;False;False
8287b55bec564f5384657ed508471d94;qEWV9krk74g;0.6339;1.0800;-1;False;0;True;False;False;False;False;False
8b402882efbd4aa6868c557adcabc31f;LcEtkxu2aNk;0.5726;0.5789;-1;False;0;False;True;False;False;False;False
589bc365088340d6ad050fa18de4f679;qnWBURgMvVc;0.7333;0.7473;-1;True;0;False;False;False;False;False;False
c65a7a01a5054317bd3d8358ad941b92;rAD6sxqb6KM;0.6442;1.0473;-1;False;0;True;False;False;False;False;False
3a35698e10e046c3ad0af0d71f8eaeb4;7mitasNyfWo;0.7675;0.9062;-1;False;0;False;False;False;False;False;False
8c65c45c777f4a6fa36975950bc28f14;d52pfstGr-8;0.7612;0.3277;-1;False;0;False;False;False;False;False;False
c5a65cdc389b4bc59cb0c99ff7adc9e9;vjD3EVC1-zU;0.7883;0.6949;-1;False;0;False;True;False;False;False;False
44dca00a248b4913a62a2a7abbd871fd;ajQRi6U1p48;0.7740;0.2151;-1;False;0;False;True;False;False;False;False
395f10134d764d7cbe37874ccb9b4295;4iuO49jbovg;0.7900;0.2499;-1;False;+;False;False;False;False;False;False
d6405c54922d4104ac32fcb6714ecd12;cq-LbHxlb-8;0.7442;0.3163;-1;False;0;False;False;False;False;False;False
c7f5ad50b51d44d78914e2e76c7e6273;nzADjVOLM1o;0.6963;0.5943;-1;True;0;False;False;False;False;False;False
8f02c3d260a14a1f9bd8fb4850bf3190;nVXUd2tbT4A;0.4009;0.6791;-1;False;0.5, -0.5;False;False;False;False;False;False
79073ec5fc444fc68b2dc8bb6815f366;adUd9izOcW0;0.7986;0.2410;-1;False;0;False;False;False;False;False;False
8f4b7bf939ce414e9bee209cb228c864;UigR_AAP97Q;0.7647;0.8574;-1;False;0;False;True;False;False;False;False
0d202c93901f4d94947303e55137459e;TilW9kN2E0c;0.7571;0.8725;-1;False;0;False;False;False;False;False;False
194174c5e6204e83be0d26eb3bea41c8;WlgEHHT5I0k;0.4208;0.4877;-1;False;0.9, ?;False;False;False;False;False;False
c3834509ae3144b1bfe141a20d87af2d;jVzueXIXy3I;0.7941;0.3082;-1;False;0;False;False;False;False;False;False
4fe504d4aecc48b790d0627b28f9a18c;ObAfBAhwSko;0.6207;0.4957;-1;False;+;False;False;False;False;False;False
4d3ba6bcde58428e800d27885c527a18;LXIWRan3XGY;0.5768;2.2103;-1;False;0;False;False;True;False;False;False
5a1e44647dfd422183fef2c084b85ba6;PXwF7g5wksQ;0.4320;0.6897;-1;False;-0.6, 1;False;False;False;False;False;False
0875e929c43e44d19ad878478e118d54;xqovGKdgAXY;0.6126;1.3334;-1;False;0;False;True;False;False;False;False
9d9306b573f74ac398a530e62194789b;CXCKfEkn7Sg;0.7460;0.7623;-1;False;0;False;True;False;False;False;False
9c6b04e5f3cf44fd8c4320b8ad061d0c;6vOo-3XWxpo;0.7603;0.2346;-1;False;+;False;False;False;False;False;False
5fd1d9ca3ac94efe83a0dbfb0f9e2cc1;4rYJfBfeY0g;0.7688;0.2929;-1;False;0;True;False;False;False;False;False
a641f97ba4fe493bae7811d211239218;12kku-8_6_4;0.4326;0.3539;-1;False;0.3, 0.6;False;False;False;False;False;False
5de32027dba8456bb79a2647208b34cc;oG2OWZkORC8;0.7562;0.3776;-1;False;0;False;False;False;False;False;False
144aab357ff64790a3cd9f104ae91d69;vsuEio8VErc;0.5370;2.0876;-1;False;0;False;False;True;False;False;False
2fc8f9f6d54d4c8c86a37af9fb344919;a4J_uRIv_mo;0.7206;0.4190;-1;False;0;False;False;False;False;False;False
72f5739e9425494c8bc6b2803aecdba4;iLGuG193-JA;0.4419;28.5942;117;False;0;False;False;True;False;False;False
38cad4b6d08341afa7e9a7444477a091;kxLiDtaL4HM;0.7989;0.3041;-1;False;0;False;False;False;False;False;False
90d8462019824914b7011721092deba4;PE1vGT-hlLI;0.6845;0.2763;-1;True;0;False;False;False;False;False;False
ba30e2096ed146fcbcb836f082b7c59c;VhJ65v_C-eI;0.7913;1.2288;-1;False;0;False;False;False;False;False;False
6059856fc20b4843b474969ea16cd6ac;FdIX36A8lMQ;0.7692;0.4411;-1;False;0;False;False;False;False;False;False
2f6c30588af74c0a91e08199793a4103;iU6xe14dCVY;0.7887;0.4165;-1;False;0;False;False;False;False;False;False
74f48bb018a341a1a3bfa285af808d5b;fHpXaixhPkw;0.7297;0.5910;-1;False;0;False;False;False;False;False;False
01446e151b9347bdb96c7eafa0d8db3e;ZbUPjwCEZlY;0.5482;0.3036;-1;True;0;False;False;False;False;False;False
cdd8ab1ca2be4527b8a1e3b92a625e38;GHkUCSeTi2I;0.7884;0.7082;-1;False;0;False;False;True;False;False;False
7127ab26fe2d4df2b81849edebd1f3d0;tiXt1MnHdDc;0.4398;0.4040;-1;False;+;False;False;False;False;False;False
a1bdb652fa6045cbbecb5e25e9f7597e;9pw3j0HK1E8;0.6052;1.5021;-1;True;0;False;False;False;False;False;False
44a4f003f8534c679e07d19777cce611;vGJTaP6anOU;0.5893;0.2886;-1;False;+;False;False;False;False;False;False
ba3f88327a2c4b859be0e3b7f443f351;bS1MOfkScYA;0.6246;1.6481;-1;False;0;False;True;False;False;False;False
028cb9312382479e84e71cc9d0d85d1d;BJr-iFh1OZk;0.7500;0.2433;-1;False;+;False;False;False;False;False;False
6bfb96843dff425a824b540c56a83024;2SJCz3vC3FE;0.7714;1.3356;-1;False;0;False;False;True;False;False;False
169f42a2fdd744a4a10e689f82c43293;epzDjGrEWhM;0.6478;0.5261;-1;False;0;False;False;True;False;False;False
9fba56f3b1594ba9ba684e04b68415cb;cwo4I73umF0;0.7877;0.2359;-1;False;+;False;False;False;False;False;False
87f358fe7eb44ed497a75e83b8da65fb;EYQTGF1hXVI;0.7577;0.5096;-1;False;0;False;True;False;False;False;False
cfaaa5e9ab1c42bd8e1f00b149a9fe1c;GDEDQ8TCzW8;0.7368;1.3590;0;False;0;False;False;False;False;False;False
89100ddd9cd047fc8c64f79cffae40e6;Ed01vxg6LQU;0.3779;19.3859;195;False;0;False;False;False;False;False;False
f3b41d0dd9a4412a9b2e633b54dd2573;Sw-ko6aINI4;0.7149;0.8325;-1;False;0;False;True;False;False;False;False
c4f10cc7e849421d838b46d2a7a1a41b;dfKnga-a-7Q;0.7961;0.3211;-1;False;0;False;False;False;False;False;False
743cb17317c548b78f4874935c0f9d20;Tc8ep-iSaaw;0.7883;1.2228;-1;False;0;False;True;False;False;False;False
30abe2f199fe40b1a4413f411286b842;thfcVP6Qyws;0.5899;8.9637;212;False;0;False;False;False;False;False;False
fce2a962044c41278e4eb896c1c1e00f;PyJDfrInMsA;0.3243;2.5705;0;False;0;False;False;False;False;False;False
0741cf49793a4089ac0a92151056c6de;mTqLq06GVrw;0.6686;0.2545;-1;False;0;False;False;True;False;False;False
b6eb035879b644c5a170a6da17f25c23;DBUz2nkOKsc;0.7722;0.3811;-1;False;0;False;False;False;False;False;False
2a25d60cc73a4c30a47df51339ece502;j6TAevvtFfE;0.4783;2.6982;0;False;0;False;False;False;False;False;False
0edd61c95659476890d586fbd01cfa69;WTh-U3rK91o;0.7964;0.3813;-1;False;0;False;True;False;False;False;False
89ae3e2cf08644d28c86a725421ba9dc;XXq5VvYAI1Q;0.7654;0.2829;-1;False;+;False;False;False;False;False;False
d161808f5c714cf0a1344ed40ef8e2f0;ep-O3vT26Ns;0.7953;0.4127;-1;False;0;False;False;False;False;False;False
39163befd25f43fb8dcd21c5c9a2794a;AWyxHTh4cpg;0.5792;0.7197;-1;False;0;False;False;True;False;False;False
dc0943f1c6da488f81007f5f8adac2a0;q95ZKqE5dfU;0.6797;0.4389;-1;False;0;False;True;False;False;False;False
a0ab5a2c59fd4466a40c9050ce7eff1c;exEeS19Mzq4;0.7842;0.9345;-1;False;0;False;True;False;False;False;False
38730053c0d04903896373554f82b593;qjzrGBwmKeE;0.7724;0.5810;-1;False;+;False;False;False;False;False;False
9e2f201ce85d4ab090e448e15bfa8395;x55doVYxwbQ;0.7183;0.5540;-1;False;0;False;False;False;False;False;False
4f37c61c75a94b088a67a79137cb8dde;56hqrlQxMMI;0.6332;0.2630;-1;False;0.6, -0.3;False;False;False;False;False;False
e483c96ea17f472b82c119f4d4afe189;kb5mRBMZbYo;0.7845;0.5506;-1;False;0;False;False;True;False;False;False
dd7facb378164ac3a8b19cea36fb5f4a;-RuofuQ7soE;0.7629;0.5965;-1;False;0;False;True;False;False;False;False
e5b1de3fc92c4f26ae90949f97744ccf;1vqgSfmykQI;0.7518;0.9591;-1;False;0;False;False;False;False;False;False
fed5d5fd61c34ea3a54f586eb8f273cb;8oSwNhX7ER8;0.7994;0.9312;-1;False;0;False;False;False;False;False;False
872b798254ce4131874b99eb01367380;mtf7hC17IBM;0.7545;0.9108;-1;False;0;False;True;False;False;False;False
b987fd953a06439d9c2788c2802ec2a5;c6uVXJ3x2Sk;0.3609;0.4598;-1;False;-0.6, 1;False;False;False;False;False;False
7d495d24e0ff4178b46dcf07e0867bd8;dqmat-mZqVI;0.7805;0.2677;-1;False;0;False;False;False;False;False;False
370420a5a08c40fbb71121781c23f56e;LatorN4P9aA;0.3286;0.5405;-1;False;+;False;False;False;False;False;False
3f8937291876485dbe48fe74803e8d31;1JYld4Nfqco;0.7778;0.5588;-1;False;0;False;True;False;False;False;False
c00e35e0953345e384a73035b360804a;XOzs1FehYOA;0.5654;0.4663;-1;False;0;False;False;True;False;False;False
3c34d5e31bba4516bab0cd857e29785a;xC3kCZCPxHY;0.5628;0.3742;-1;False;0;False;False;False;False;False;False
c6bba7236fb247449faeb8bf288fda78;PvnlyP9sfHU;0.7441;0.4918;-1;False;0;False;True;False;False;False;False
8cf225a9da334e8f92c360a341017e0a;noxsPI-Ip30;0.5940;1.1149;-1;False;+;False;False;False;False;False;False
4a2d7946b0594ba586a6d4d3f912ef77;w_rnvmmE5sY;0.7887;0.3928;-1;False;0;False;False;False;False;False;False
f3308ce05d534560b9bd470cb1054049;h08pCvyKfbs;0.7127;2.5599;-1;False;0;False;False;False;False;False;False
3b46763dbe0a4dbe88d0aecd1887a564;UrnCdEPrGKQ;0.6484;12.7791;148;False;0;False;False;False;False;False;False
669743ea062d4d97a155b6e0b1140e88;eBItb_J7vTg;0.7350;0.8989;-1;False;0;False;False;False;False;False;False
31686df954424c8188cd441867521e9c;29l0KtID5nk;0.6879;0.9499;-1;False;0;False;True;False;False;False;False
27a1b894be06478faed70b1eef824c18;xoM3SWKKvHQ;0.3648;29.5805;201;False;0;False;False;False;False;False;False
e687d9ae55f04f22b938b1d333a9572f;PnWKehsOXu8;0.6225;2.1480;-1;False;0;False;False;False;False;False;False
bde4278870de47069f60441a40594ad0;c-UhmfOTOLI;0.6545;1.9357;-1;False;0;False;False;False;False;False;False
5fca2b0444a949bb958add82bdcbff31;ajiDJLW7ME4;0.7913;2.8678;-1;False;0;True;False;False;False;False;False
ecd157f8d9ba449690bdfb7c62a7eb9a;4FguJqN5VQw;0.5889;0.3185;-1;False;0.3, 0.5;False;False;False;False;False;False
6c1607608133487d9b657cc16e76f655;DVzcQ4_khsM;0.4311;0.8280;-1;False;0;False;False;True;False;False;False
05507db30a374a1ab00e35d2e0ed5920;ZAvP8LKMXgA;0.7888;0.6474;-1;False;0;False;True;False;False;False;False
c64b36ef897e438f81221a234fc5641d;GmnPZQWyI8k;0.7430;0.3961;-1;False;0;False;False;False;False;False;False
fbcb0470b6ef4561abd0fafab2abcef1;PppWJtolihU;0.7872;0.6830;-1;False;0;True;False;False;False;False;False
322ce7bba6b14042934a954e4b1128ae;PLPHAzDMVT4;0.3664;7.1376;-1;True;0;False;True;False;False;False;False
f61b84e90ad64111b1f5b6ff0652bd5e;q5W5rVH7LMY;0.6165;1.0511;-1;False;0;False;False;False;False;False;False
b12ccf222abc419a956d58d006132903;kBqWtdMpies;0.7294;0.4230;-1;False;0;False;True;False;False;False;False
847bb881d5684aab9f7be5ab6f614d47;eUT49JWxiz8;0.7380;1.5537;-1;False;0;False;False;False;False;False;False
5fbffb9d04a54b6fa5cac023f1a172b6;fX6GsynDN-Y;0.7766;0.2234;-1;False;0;False;False;False;False;False;False
1d9a4e277da64f5e840f8a91ed135dc6;tnaYxumRwHY;0.7548;0.7312;-1;False;0;False;False;True;False;False;False
2af9d520e2af495e9f8b0daa3398c07f;5muUoLLsl48;0.5679;3.1928;-1;False;0;False;False;False;False;False;False
d257dc8cf7bd47329b6be34fdda74dfe;X9tvLrWG1mk;0.7465;0.4775;-1;False;0;False;False;True;False;False;False
be6f07a9d8ef4fd0b1ce00b8e27aafbd;wmHTLeOLFp0;0.7734;1.1501;-1;False;0;False;False;True;False;False;False
244f33fdccae4f2ab2c0cb8f6ebc4161;YnvxJ0qt6-E;0.7159;0.2205;-1;False;+;False;False;False;False;False;False
c53cdb57cee44a9f969cd1d2ce88dba8;Trpp9qIldhQ;0.5329;0.8984;-1;False;+;False;False;False;False;False;False
6725f3f3d28c4e1fb787ffe7e63b5cb4;E-6-eHXzEHY;0.7892;0.3884;-1;False;+;False;False;False;False;False;False
1678e55d4e3b461ea7f53fb224f6d159;Gs0t8LXH6lw;0.7531;4.3983;-1;False;0;False;False;True;False;False;False
69bf59fd301240a290d6c48f4b9a72f5;ld1wQXxO1Ow;0.7500;0.2642;-1;False;0;False;True;False;False;False;False
95432690e3f145cab0e99f741707f5d5;nXE_DOn4xXs;0.6920;0.9011;-1;False;0;False;False;False;False;False;False
f047c0a0bb7d4395be278dc5f16b2f1c;qM0zINtulhM;0.7810;0.9767;-1;False;0;False;False;False;False;False;False
e70e772cda60450ca1b31b79a49215b6;iykEwEavCP4;0.7000;1.0075;-1;False;0;False;True;False;False;False;False
3066b4b507cd436da28a36fa7beb93ab;FFWVjdS1Kz4;0.7677;0.3967;-1;False;0;False;True;False;False;False;False
21e23e568a1c4a91812384e056db19a6;31hNBTF4RZY;0.7744;0.3861;-1;False;0;False;False;False;False;False;False
e7617b1f9eac47a0bed1449f2fd376e0;pAgnJDJN4VA;0.4367;1.5255;-1;False;0;False;False;True;False;False;False
3d09b1d6e08541d180b051fd59d38412;vDlXjJGDt2A;0.7426;0.7055;-1;False;0;False;False;True;False;False;False
7d545305bf2442a19d0eef32f5cc3448;20gZyQEACo0;0.4876;0.9130;-1;False;+;False;False;False;False;False;False
4cde5342f9c249d889bbfa8f9c8e41f3;Q-sQklvpDhA;0.7460;0.1840;-1;False;+;False;False;False;False;False;False
8f4bfa93c6784b39836c7f7931d5e7b9;2--3DBOTUDU;0.7297;1.0724;-1;False;0;False;False;False;False;False;False
06821bc4f9414a5d8df3d21825708699;GG4aNiGswNQ;0.5159;2.7072;-1;False;0;False;True;False;False;False;False
b6b0fb46e9af4689adc5b8d2157b1a31;cZAXJBUhOFg;0.4049;20.0788;129;False;0;False;False;False;False;False;False
76488043d548408e8806662d404f7732;eHQG6-DojVw;0.7257;0.3797;-1;False;+;False;False;False;False;False;False
678d1556f0a340fb963790afd0ac6672;yIfonkjmnb8;0.7929;1.7067;-1;False;0;False;False;False;False;False;False
7187c1888eb14d56b6ca028d135332f2;v_OHJxN9C1Y;0.6897;0.6114;-1;False;0;False;False;False;False;False;False
53815494222d46a094534e971d4b7e3f;aiWmWTuA4Vw;0.3662;41.6270;203;False;0;False;False;True;False;False;False
dec85e5447764b0780eb26ae30000e40;XnDo0O_eY1w;0.7560;0.3490;-1;False;0;False;True;False;False;False;False
077bc3111290439c9baf1f37bf5adaac;XAzXOObprQo;0.7745;0.4726;-1;False;0;False;False;False;False;False;False
81f63b05eeb84099a530c93990c9ee04;trgtm5kx6ME;0.7568;1.4474;-1;False;0;False;False;False;False;False;False
09136b071af84fb084ef9be4c430a84c;vhG8zC4npsE;0.7667;0.4225;-1;False;0;False;False;False;False;False;False
1f43a2fb6991461a861ed6754cdfeca5;zhOB2-gULds;0.7717;0.9502;-1;False;0;False;False;False;False;False;False
67fe39b527f34464bdec2c173f937ccb;PTFwQP86BRs;0.7360;3.6976;-1;False;0;False;False;False;False;False;False
8bb3a4d27f2f4f8fa8d78e2fd80f7f1e;llYN039ixy8;0.7992;0.7835;-1;False;0;False;False;False;False;False;False
8cd107d68c2f4c46a195cf43dc9fd1c3;wqqnxEmSOB4;0.7778;0.5585;-1;False;0;False;True;False;False;False;False
e728fc092ec344b8aa9250bcd677fc66;JSehwTSHd_8;0.3383;2.0616;-1;False;0;False;False;True;False;False;False
885a9a1bb0e54fb7b06ef621a3b96f36;aIoZ1VY-Xnc;0.7944;0.3197;-1;False;0;False;True;False;False;False;False
faf8e10e35134c469de6c408a8384a73;4rlbJzMoxXE;0.7991;0.2482;-1;False;0;False;False;True;False;False;False
95ad0d3f407344d8bf6eb96527d8f2f6;X8KL_kUr_ts;0.6257;0.6120;-1;False;+;False;False;False;False;False;False
e66bebae85d8407ab8e83183bfe3e37a;2ZdmaIbHx98;0.7579;1.3878;-1;False;0;False;True;False;False;False;False
33c47e7ba59749dc83bca7fc29bcb509;JNX0-tCfpCk;0.6316;22.9478;195;False;0;False;False;False;False;False;False
bbcf72492fc64acf940235390a7f98f2;mGFS5is4lD0;0.7500;0.6542;-1;False;0;False;False;False;False;False;False
f15e4d5f5e094dc18777bc2936d60299;KBIlIncyUkI;0.7836;0.3227;-1;False;0;False;True;False;False;False;False
d187206c548149fa9d392ef5b00d6c49;PL6jwxw9T3c;0.7902;0.3931;-1;False;0;False;False;False;False;False;False
5fda05c95c0d4ceb9d0233e3cfbf10fc;P9BfvPjsXXw;0.4624;3.2750;-1;False;0.3, 0.6;False;False;True;False;False;False
7125f73578f3444989998c0c62b8bbb8;Uwelrtb8Oho;0.6133;0.2915;-1;False;+;False;False;False;False;False;False
985c7ac5ce2543a4ba6e648b1d818f46;9BNOl5njHRY;0.6796;0.4415;-1;False;0;False;False;False;False;False;False
09e9821a12e6476584b3b21b57894f3f;ixxcR48Ci3E;0.5355;9.5272;-1;False;0;False;False;False;False;False;False
d914203fd1ba4e52b1a2f237f2daea59;tDwlnFJchE8;0.6749;0.3497;-1;False;+;False;False;False;False;False;False
4f55f69290cc4f01b4452f9a89a89f7a;OQHtHowsRC4;0.7811;0.5988;-1;False;0;False;False;False;False;False;False
32048c0ab37946d6944a8e434b11d964;_tTtPWvymDk;0.3754;0.4376;-1;False;-0.5, 1;False;False;False;False;False;False
9139254d1adf480c9ab51d23e0c92737;f61wTPltkZY;0.7597;4.2489;284;False;0;False;False;False;False;False;False
acffe357dbce4f49a6edc34d75601642;YC6rnpdYcJE;0.5931;21.0713;168;False;0;False;False;False;False;False;False
01eed16e6fe54c5bb6df261c3bdc3e81;RsQXVJOgvNY;0.7467;0.2107;-1;False;+;False;False;False;False;False;False
72595a01752c4a7fb638d02763cf04cc;3ItUNp_Qo9A;0.7849;0.2683;-1;False;0;False;True;False;False;False;False
1103955fb52a4f4686ac5cd8122505bc;PT02Uqq40O4;0.6935;2.0224;-1;False;0;False;False;True;False;False;False
27ac083e7dbd4ff1b817e4278717b703;AR-WB2uzJ_Y;0.3640;0.8850;-1;False;0.4, 2.6;False;False;False;False;False;False
6d972913985044feb0196da8c8181f76;1TS_DGvQUiY;0.6667;0.2771;-1;False;+;False;True;False;False;False;False
ff23c98ef131423f8c183476d543d3d2;uLSLQPQxlU4;0.5031;0.7203;-1;False;-0.8, 0.5;False;False;False;False;False;False
558e8ce6bcea4fea85486e63013b9532;GZnEfmEFeHw;0.4626;9.6697;80;False;0;False;False;False;False;False;False
0181480d585b4c699da2da225402ce29;Z3Pb3EJY5Qg;0.7457;0.2838;-1;False;-;False;False;False;False;False;False
fc7c4ccccd814881bbf13431a7895c6e;883yQqdOaLg;0.6743;0.2437;-1;False;+;False;False;True;False;False;False
fc59daf6034745b68b8fc500bf696603;7s6VbOEnsgk;0.7277;0.6082;-1;False;0;False;False;True;False;False;False
5131384bb71545f0b8df2568536dd4bf;nJAjOlp4Tas;0.6570;0.4534;-1;False;+;False;False;False;False;False;False
61030bcafdf34960961a78e51fe71b40;wh-07BzfgYY;0.7939;0.6480;-1;False;0;False;True;True;False;False;False
717ab09f7a4f4e0d847aca0d68c54466;nvHhT3m-85I;0.7208;1.1246;-1;False;0;True;False;False;False;False;False
16355e124b41495c87c37bebb56d0e16;yQQBnfIM8aE;0.6840;5.6682;146;False;0;False;False;False;False;False;False
b1dbe40183b743818a3c5fd6e7cee8ea;00eUebsh68M;0.7817;0.3014;-1;False;+;False;False;False;False;False;False
3487058bd14347baa2da2972377a2030;aB0LJYtwtow;0.7790;0.2471;-1;False;+;False;False;False;False;False;False
223f0c38485e4d69adbffd4773d07819;eeC14HBYU-Q;0.7727;1.6699;-1;False;0;False;False;False;False;False;False
f7cca3348dd24b30983c3ac349a072cf;leeRwDGojmM;0.7576;0.6377;-1;False;0;False;True;False;False;False;False
f47fe77b965c44798f1cad8aa95782c5;X4bgXH3sJ2Q;0.7526;0.8295;-1;False;+;False;True;False;False;False;False
da18783bf4574e638148edd53fce3238;xDGbi1i8aBM;0.5704;0.3585;0;False;0;False;False;False;False;False;False
9b5099134d534b559520890c7062c8e9;8dHbLqChO8M;0.5936;11.2468;173;False;0;False;False;False;False;False;False
a26d9ebe50cc4c239920391c34dda325;0zRIH7Bnlvo;0.7124;8.6642;180;False;0;False;False;False;False;False;False
0474d14c23ea49668deebabfb4959be4;-TuXJTxPcd0;0.5175;6.0724;-1;False;0;False;False;False;False;False;False
9888c4ecffa94a08a28e3978c464efdd;KEQogizNEGs;0.7917;0.2145;-1;False;0;False;False;False;False;False;False
774892966c004796856eff24c466e248;3JJTdVrtaVs;0.6242;0.9660;0;False;0;False;False;False;False;False;False
84e51611758b48f6b6ad084a881551b4;2cuEXBjHyhg;0.4802;6.6740;-1;False;0;False;False;False;False;False;False
3de5710cc2144c07915946c84b6f5a92;QvbEkFVRRjk;0.7076;0.4824;-1;False;0;False;True;False;False;False;False
765d9ca72464462493200ae8de4f8421;cvDkryqHoHE;0.6000;1.5063;-1;False;0;True;False;False;False;False;False
56aad0bce20c4cdba1277d993b682b2e;537v5Avw_mU;0.7098;0.3758;-1;False;+;False;False;False;False;False;False
9bc43ba4f07c4b28b64772fb1f7583f1;DbVz0jP722g;0.5921;2.0202;-1;False;0;False;True;False;False;False;False
f1f919ba11344017bcfcf0e6c58937dc;sSwdqyurF3U;0.6903;0.3693;-1;False;0;False;False;True;False;False;False
befaf1c2deaa40e6981883c8a97ec9b1;yCpKQjqb8Y4;0.7854;0.8959;-1;False;0;False;False;False;False;False;False
14fda61af468408a80c1c2ef35ba926a;7PneOwzMz4M;0.7852;0.4475;-1;False;0;False;True;False;False;False;False
ef6c2449e13b439d83f3d2668edde2df;Osz-GQbX37o;0.7770;0.6144;-1;False;0;False;False;True;False;False;False
cf6f76943b9a4356970f6f85e2d1a09d;MjGH7UAyhXk;0.5515;12.8991;140;False;0;False;False;False;False;False;False
85efa060214a405c9e58795a6c968792;Z4q_MZ7CRvI;0.6811;0.2338;-1;False;+;False;False;False;False;False;False
23282ddb9d274365b21d301ecb2d93fa;MFH_u7rDFBw;0.7000;1.2486;-1;False;0;False;False;False;False;False;False
ea744f099acc43b8952c703c82083436;50rlHVe6g9Q;0.7143;0.3079;-1;False;+;False;False;False;False;False;False
37f510721758466590fe2d1a48e74353;p_6GYfSea5Y;0.5792;0.5222;-1;False;+;False;False;False;False;False;False
5ebccbec25784d4bb9fa77cf1c7d6699;iDhx2eJVr4M;0.6390;16.4972;142;False;0;False;False;False;False;False;False
1673f1e942c64cfd89d30fcfdc3106ec;oiBr33_FCAA;0.5242;0.4438;-1;False;-;False;False;False;False;False;False
10cfbbe223e94499afbc5725420b5127;8lwPbnv3aWo;0.4400;1.4222;170;False;0.3, 0.6;False;False;False;False;False;False
6834467151944fb1b5094011ae5e3bfb;EcBLScCg83E;0.7946;0.2518;-1;False;0;False;False;False;False;False;False
bdd3b7316c154607905a5bfd8693ad08;IlV7RhT6zHs;0.3088;0.4111;-1;False;+;False;False;False;False;False;False
f0db1df05d7940e69af522dff0f0b949;zzNH_KjIZkc;0.7009;0.2431;-1;False;+;False;False;False;False;False;False
304eb2d1229b41d09607c992f5f52969;ZaA0IctGTDw;0.7974;0.6201;-1;False;0;False;True;False;False;False;False
8147d5b5f59f428e955476c2ef06df21;iYFz4pKclyA;0.6681;0.8398;-1;False;0;False;False;True;False;False;False
913cd0f20a664d0b9bf2bb3e9e1eb336;h5SjgIMISdY;0.7212;0.5605;140;False;0;False;False;False;False;False;False
0f9506631298421ea1b75d095a7f757f;gk2NRjhSneU;0.6284;0.3581;-1;False;+;False;False;False;False;False;False
e7e1cbabe35748ea99862e649351aeac;XpbX3p-XS1Q;0.6015;0.3187;-1;False;-;False;False;False;False;False;False
fe20084b6542468b9d81a0b7fd3ec79e;90yd5jmSr-k;0.5319;0.3288;-1;False;+;False;False;False;False;False;False
ec9eeac930ca4770a4a09a380eed1c49;aBcCtzI7qqY;0.5981;12.2919;157;False;0;False;False;False;False;False;False
5b17f5220cac4ea0abd3030f4bf61bf9;7Y87tIALd08;0.6019;2.8870;202;True;0;False;False;False;False;False;False
210bd7e4cb0f4f6e986838fb81494815;cMuGFWBDZis;0.7143;2.3595;156;False;0;False;False;False;False;False;False
62f5e7aa604b4eb0b6555b673a547271;Hyk-Vdd_Qrk;0.7188;2.6328;-1;True;0;False;False;False;False;False;False
ab9924db7c6944fdad88c247369cae55;0t3ldFYTNIQ;0.7947;0.3150;-1;False;0;False;False;False;False;False;False
ba45e46e5f4c4cffb0bac7a15b3d8be6;zIOVMHMNfJ4;0.7640;1.4285;212;False;0;False;False;True;False;False;False
fb11ab318a83472aac0b1d90403007fe;wGAKkysp0Kg;0.7235;0.7040;-1;False;0;False;False;False;False;False;False
c4d88cd8593145d29a26fed40c9fa39e;QBFhhRMp-2Q;0.7951;0.3221;-1;False;0;False;False;False;False;False;False
0bbe80b6c1414de19813afe3d2372df2;QzGGvGOIAJ4;0.6623;5.3854;185;False;0;False;False;False;False;False;False
93d7945faac84b10b6393a39e1850733;7HLYqbP5_TA;0.6610;10.0876;219;False;0;False;False;False;False;False;False
5ced1e10e6674ce4820364a37b53589e;9fmlZH7zWOY;0.5247;5.1241;0;False;0;False;False;False;False;False;False
add53be91ba843c29e57198ab60b24fe;ms0C3mrVrGI;0.7831;0.2705;-1;False;0;False;True;False;False;False;False
c04a1fb7383c40d2a1ea093b4d51a8d6;8Kclp4eV8p0;0.4932;11.8986;90;False;0;False;False;False;False;False;False
4a20c99d4ef7416189eec9c2be89e793;ZsfXRJG61RE;0.7609;0.5014;-1;False;0;True;False;False;False;False;False
be631b2c043c42cb8444984c90bb4807;0aN61rAve-8;0.7677;0.4336;-1;False;0;False;False;False;False;False;False
0a3cd469757e470389178d44808273ab;2Ws0VfqkhFc;0.3427;0.5738;-1;False;1, ?;False;False;False;False;False;False
8e669e1e3ded4f76a35f9c3d25eefcc6;xN9gUjsMteQ;0.7917;0.2854;-1;False;0;False;False;False;False;False;False
bb2e3c83346b4dcf8783d0f47553d7bf;nrLu1DOc1lE;0.7770;0.3004;-1;False;0;False;True;False;False;False;False
3785bdecc07445c7a247bcea538a0b75;5AS1iZWJ-9I;0.4856;1.7027;-1;True;0;False;False;False;False;False;False
1ea316b852904a77b90ea4a6fd02f12a;UxJIifbfkyI;0.7838;0.3532;-1;False;0;False;False;True;False;False;False
5b2a7a61224d455abc51e7cbd09b1163;2Ydx-bZhVe0;0.7854;0.2607;-1;False;0;True;False;False;False;False;False
822283a8d6be43b19362e5d5a290360f;jooFywTFGkY;0.7852;1.1309;-1;False;0;False;False;True;False;False;False
5a2664a7f642497497585cc1b91a5a93;dur0s9SMxFE;0.6867;1.6126;-1;False;0;False;False;True;False;False;False
8d232318c7694dc6b113e7291eb7ba18;dCsZNalcaXM;0.7645;0.2874;-1;False;0;False;False;False;False;True;False
1dbe44cc400f48439abbdf496ebdfbca;hY3AnZnOXwE;0.4097;0.5401;-1;False;-0.4, 0.6;False;False;False;False;False;False
2d9cc89c049d4492b2622159e19e2f91;AJll-eF5zUA;0.7872;1.1390;-1;False;0;False;False;False;False;False;False
5e6d3067b0a04c63abd018b54c45125b;DiQRDTxlvk4;0.6607;2.0735;-1;False;0;True;True;False;False;False;False
844bb69b44b246e2ab72de7051acf973;VRjU_2Nxzms;0.7870;0.2354;-1;False;+;False;False;False;False;False;False
18de37cd48644149839f3b7a0832f1d6;IhyAdeeBTd0;0.6777;0.3620;-1;False;0;False;True;False;False;False;False
ee222a4866294ae394ec1661ea524581;SbS2iOlwTTQ;0.5632;0.2907;-1;False;+;False;False;False;False;False;False
4f14460ee0ae47808c467bec6a2b601f;skZxb5sBoiU;0.7640;0.4747;-1;False;0;True;False;False;False;False;False
b0a42b74adac488fae7b1a8a0805d6ba;0ncqa7iifD8;0.7331;0.2219;-1;False;+;False;False;False;False;False;False
32c7b050b8d945409ed789df49d8323b;3V726_HShyY;0.7795;0.3492;-1;False;+;False;False;False;False;False;False
bfefeb55ba094a4eaff4f29cfe50bbed;WOyUGK12e58;0.7992;0.6043;-1;False;0;False;True;False;False;False;False
bf6466545ff94fce89b8731b6cdb94e2;Ds_vwsTFoLk;0.7746;0.2288;-1;False;+;False;False;False;False;False;False
7b9d0166547a40a4b7cd441f60c22baf;4NOYCzRzZIs;0.7951;0.9310;-1;False;0;False;False;False;False;False;False
dc0d20f39b34496b8ad52ba81a43b30d;lKsQR72HY0s;0.7946;0.2569;-1;False;0;False;False;False;False;False;False
44c8c442005d478fa69eef7147a4efc9;3CT73UEz6OU;0.7225;0.6491;-1;False;0;False;False;False;False;False;False
05885e41c2fe497083c45e7e58115886;w09y-W9Erlc;0.6891;0.8759;-1;False;0;False;False;False;False;False;False
0338857065ae48ff86c866754fd1aa71;B8NMMXmqteI;0.7343;2.2001;-1;False;0;False;False;True;False;False;False
e9efb083d7c745de83d562341631ba15;X063MbTdqxM;0.7300;0.9027;-1;False;+;False;False;False;False;False;False
a8a0c0af83134c6b8eeaa121e5cfef49;n5EeAIVnLmc;0.7650;5.1350;191;False;0;False;False;False;False;False;False
81af1df835314a868d201d4a553f57bc;XwoGchtXgR4;0.7943;0.2752;-1;False;0;False;True;False;False;False;False
1ccd14f4485844b7827b4500bfde4938;w6ujC37ehQI;0.4583;0.4181;-1;False;-0.3, 0.8;False;False;False;False;False;False
f1aa4d385c5846e4987fffc112b9ebe4;xaQcLtQ6Sto;0.7667;0.1994;-1;False;0;False;True;False;False;False;False
c86a9571644c416fb376464d3d7ce334;ohiGATUHjxs;0.7350;0.6488;184.6;False;0;False;False;False;False;False;False
060b6abb045641b8a319e81b58d3ee89;KCmSWw1gLrs;0.5977;0.8333;-1;False;0;False;True;False;False;False;False
c0291bda8f944fd5b2285dfbe32772cc;S4wA7eSG06M;0.6496;0.6968;-1;False;0;False;False;False;False;False;False
eb5463eaf46f4f38bdb91ee5ba9001a1;UY8zK4R9oE8;0.4737;0.3890;-1;False;+;False;False;False;False;False;False
11e6d4ce3f3b4402a445a325151a3505;Ok9zfly-KmM;0.7454;1.4395;-1;False;0;False;False;True;False;False;False
d439f28867d8496f9455b6f7dcb2dfa8;sGN_hkLrF6M;0.7964;0.7679;-1;False;0;False;False;False;False;False;False
b88d4742930343d6bdeeb10a91656d0c;Rf1wDU1ZksA;0.7935;0.8777;-1;False;0;False;False;False;False;False;False
9bc5fda910ab497fa5fc592ba6458bb0;XHMjXj_jCVE;0.7812;1.0494;-1;False;0;False;False;False;False;False;False
16351b8fcdf74705a332de76cd67f36f;uZEe5WqMOQk;0.7424;0.3231;-1;False;0;False;True;False;False;False;False
89e967054d2e498284088fd67a13e722;GbBD47TF6Cw;0.3750;26.2589;0;False;0;False;False;False;False;False;False
a5c0054d9bc74b0cabf17c3c33330aeb;WjnbozivsEo;0.7053;1.5554;187;False;0;False;False;False;False;False;False
fae78ca04fd64a0aade0e5aaf143daa2;Nj-03tH6p2w;0.7639;1.6407;-1;False;0;False;False;False;False;False;False
07461ecb215d4c8a9822dc285ae53263;I4xpiwT2q9Q;0.7331;0.9478;-1;False;0;False;False;True;False;False;False
fd79754743694753947d3bc1d63ec6af;3q7EbuSaD60;0.7500;0.3337;-1;False;+;False;False;False;False;False;False
b27ccb8e15a34d5b9b5c17bc9ae24ec4;q_MRhDh61sg;0.6718;0.2484;-1;False;+;False;False;False;False;False;False
8b83ab0c4fbd4094a863acc9e2065250;8ozcTqWb0dQ;0.6643;0.4610;-1;False;+;False;False;False;False;False;False
f7cedb7028994169979d246c5a3ca7d6;gZvoAa6Ch-U;0.7321;0.3977;-1;False;0;False;False;False;False;False;False
b47f173699564d698d7b1e912d52d21f;_cDdMZ2K9o0;0.7963;0.3564;-1;False;0;False;False;False;False;False;False
93756cd79e524cd494e3f08661b23193;Bx0Lwn4Kv7U;0.7083;2.5381;-1;False;0;False;True;False;False;False;False
43b1a2c0ab334db9ae2e1681cadf7b18;y_C_d5PcxEY;0.6569;0.4285;-1;False;0;False;True;False;False;False;False
27f1c67ad02f456b8f1711d22572098e;wPlqahc4zDY;0.4643;0.8551;-1;False;0;False;True;False;False;False;False
cfd0ddc087f04da38fe4301069a3b763;DPlZu4mU-XM;0.6757;0.3782;-1;False;0;False;False;False;False;False;False
360e75791b4b4839a8d95b58579c565b;4rYJfBfeY0g;0.7688;0.2929;-1;False;0;True;False;False;False;False;False
4ca992e0a8f6448ba7fba81300294095;lqmTQnW01qc;0.7703;0.2459;-1;False;0;False;False;False;False;False;False
c1553e82ace6477084e9cbb9648d13f1;SScbbZCPzFs;0.7184;94.1186;0;False;0;False;False;False;False;False;False
f3093393b38b4743835e300197aa8f03;7I9sqR05uYc;0.7843;0.2139;-1;False;0;False;False;False;False;False;False
523ac28195cb4f10afcf25c3824d9d34;kijpcUv-b8M;0.7161;0.6725;-1;False;0;False;False;True;False;False;False
f949fc44c74f4473b022bef94fad9f22;ACjIiAzkc3c;0.5508;0.3559;-1;False;+;False;False;False;False;False;False
8f8f5c5a72a0473083d754011bff1acc;Ccs2rt0oSzQ;0.4188;0.8899;-1;False;+;False;True;False;False;False;False
e799de42ba2e48528e480f6f1787cc92;I8cEKotvkHc;0.7878;0.3574;-1;False;0;False;False;False;False;True;False
29910309f24e4757ac4ee8e61520b080;hzs_GXBiBQ0;0.7659;0.9128;-1;False;0;False;False;True;False;False;False
e346cf600703490d81693b973ac61940;y3sXH8BweHo;0.7816;0.4053;-1;False;0;True;False;False;False;False;False
8b173063e4b448ccbbbee81aa3f9429f;I0sI6eFarFE;0.5060;0.2636;-1;False;0.3, 0.5;False;False;False;False;False;False
84b596df6a314e01bf10acfbd0408256;MKVu_CUfwkk;0.7759;0.2842;-1;False;0;False;True;False;False;False;False
5ba1ca98575e40cfa3958a89b69fdcda;61AoMeNd8KY;0.4191;21.4522;139;False;0;False;False;False;False;False;False
bc47edab0ffd479b914c904ad661f387;StucTgEPjz4;0.7598;0.5033;-1;False;0;False;True;False;False;False;False
13600ffc00c64e5e81a1c694a62e1960;7-7knsP2n5w;0.7411;0.2073;-1;False;0;False;True;False;False;False;False
c69b1194a1654c90b8d30d62143b5cff;yKYwxrUfsow;0.6071;0.4772;0;False;0;False;False;False;False;False;False
271126bf806c4a5595732ed54beb6733;uIM7zm7PO8g;0.6816;0.6498;-1;False;0;False;False;False;False;False;False
5888919a6d1b42ecbfb01cbe60ddf3b9;HVq6rjWnLi8;0.6889;0.2762;-1;False;0;False;False;False;False;False;False
87c6c7a84b9641af885db6cb3f6593cf;IpMkidNsf34;0.7628;0.2422;-1;False;+;False;False;False;False;False;False
ac960e82b930457a97f7687bb3ed1007;pdxgTk8UtTA;0.7771;2.6644;-1;False;0;False;False;False;False;False;False
051d518626e34f10a39f0d7467a0da3a;4A4QZl8RTU0;0.6835;0.8334;-1;False;0;False;True;False;False;False;False
8389239d9a024c38b1b012fba22be2a1;Jqhrc87WNMQ;0.6496;0.6649;-1;False;0;False;False;True;False;False;False
761d13426bd544e998fc4a85a088427d;LF0rKW1DEMo;0.7581;0.5106;-1;False;0;False;True;False;False;False;False
06a366e5af9c4422b3f35d7a513f1f06;_nkFfIfqq_s;0.7727;0.8367;-1;False;0;False;False;True;False;False;False
c523d28188c24a3fa07288ffe35b496f;xxjBHKNSM38;0.6789;1.1723;-1;False;0;False;True;False;False;False;False
d918a838296d431ba437e60e8d8c7651;_Jtpf8N5IDE;0.7674;0.3460;-1;False;0;False;True;False;False;False;False
7a996b57eadb47708a1af1fb0326d387;xFMdgm_2_EU;0.7078;1.0467;-1;False;0;False;True;False;False;False;False
43bec5e849294bfdbbefd88b46b23795;nVIcsj0P7qE;0.7035;0.7346;-1;False;0;False;False;True;False;False;False
8a27295298d44305a498e888837c075d;rPRDgKq_akU;0.7081;0.3077;-1;False;0;True;False;False;False;False;False
23b4f5722715425a893bdb06a8ea8341;VaRTocPWbhQ;0.5674;0.9232;-1;False;+;False;False;False;False;False;False
ec87d0cf9c364fec94ccd857b9a40a64;mNE7IRZT3hw;0.7442;0.4992;-1;False;0;False;False;False;False;False;False
e4395fa4e0e64101bf865cbc37a6959f;_fs9JwotIWY;0.7512;1.7916;-1;False;0;False;False;False;False;False;False
18c13a96a8c34bf4ba520164cabf9132;u71zWzmGMaM;0.6762;0.4838;-1;False;0;False;True;False;False;False;False
47df0f19739944ecb26867ee88c65074;cAFl2D8j8cM;0.4534;0.3805;-1;False;-0.6, 0.8;False;False;False;False;False;False
d93f0c867db24fad9084fdd177e734f1;dee3RSgUWiM;0.7500;1.0499;-1;False;0;False;True;False;False;False;False
55529a61d58840959604d3b2304a86c2;WaBGR3CfLxA;0.7801;1.3189;-1;False;0;False;False;False;False;False;False
cab91829feec4306822cdb9a4eddcdae;HvBgRSSlVBA;0.6867;3.3791;-1;False;0;False;True;False;False;False;False
bd9875e84818474db6a1a5b0ab23a490;hHDZ5rYiMz0;0.6236;1.2462;-1;False;0;False;True;False;False;False;False
d52fe226f3c44d5d917da065cf81e537;Fc6v7OWq5Bk;0.7910;0.3139;-1;False;+;False;False;True;False;False;False
02b1ef0126594db5ae34c01520969978;XjQ1smPQJbs;0.7692;0.2238;-1;False;+;False;False;False;False;False;False
e2a430496015417380b27844dd05dd5b;QF6xU70O73c;0.6322;5.1979;-1;False;0;False;False;False;False;False;False
914882a4c3564bf087d957ed1983c70b;L-iepu3EtyE;0.5690;0.4051;-1;False;+;False;True;False;False;False;False
e09b4e1f284a45b6be02c19ff9315b29;HLPVrxYG7x0;0.4384;1.8863;-1;False;0;False;True;False;False;False;False
43a3ee52120b448abdea76d8f277eb3b;AITEnEAqmyk;0.7921;0.2021;-1;False;+;False;False;False;False;False;False
8a8d7d4986df4aaea2168794c4f20eb1;btNGf_pCeZw;0.5451;1.9935;-1;True;0;False;True;False;False;False;False
badfe285a889415aa2acb3ee7f5df77a;ZaeUak_35VU;0.6909;0.3627;-1;False;0;False;False;True;False;False;False
8be6e36045514a5ba13ab1bb87dda789;1kAIMlISHhU;0.7622;1.4526;-1;False;0;False;True;False;False;False;False
5e52ec26e05644b2a03d292f3d99c061;lyEWNRoiROE;0.7727;0.3741;-1;False;0;False;False;False;False;False;False
9bb7999aa38841ba8219c091a3468f11;B4vTwppAfDg;0.6918;0.6874;-1;False;0;False;False;True;False;False;False
